label,disregistry,d,energy,energy_inf,stacking
fit/Ouyang,0.0,2.8,0.006829329223665865,0,AB
fit/Ouyang,0.0,2.81,0.0053122464647996775,0,AB
fit/Ouyang,0.0,2.82,0.00385184880657354,0,AB
fit/Ouyang,0.0,2.83,0.0024464220622588853,0,AB
fit/Ouyang,0.0,2.84,0.0010942996619121297,0,AB
fit/Ouyang,0.0,2.85,-0.00020613859626909678,0,AB
fit/Ouyang,0.0,2.86,-0.001456467763818498,0,AB
fit/Ouyang,0.0,2.87,-0.0026582189297855,0,AB
fit/Ouyang,0.0,2.88,-0.00381288037909291,0,AB
fit/Ouyang,0.0,2.89,-0.00492189872215944,0,AB
fit/Ouyang,0.0,2.9,-0.005986679996405465,0,AB
fit/Ouyang,0.0,2.91,-0.0070085907403093,0,AB
fit/Ouyang,0.0,2.92,-0.007988959040623977,0,AB
fit/Ouyang,0.0,2.93,-0.008929075553379165,0,AB
fit/Ouyang,0.0,2.94,-0.00983019449926957,0,AB
fit/Ouyang,0.0,2.95,-0.010693534634017244,0,AB
fit/Ouyang,0.0,2.96,-0.011520280194296923,0,AB
fit/Ouyang,0.0,2.97,-0.012311581819792448,0,AB
fit/Ouyang,0.0,2.98,-0.013068557451929712,0,AB
fit/Ouyang,0.0,2.99,-0.013792293209850837,0,AB
fit/Ouyang,0.0,3.0,-0.014483844244154267,0,AB
fit/Ouyang,0.0,3.01,-0.01514423556892737,0,AB
fit/Ouyang,0.0,3.02,-0.01577446287258634,0,AB
fit/Ouyang,0.0,3.03,-0.016375493308027043,0,AB
fit/Ouyang,0.0,3.04,-0.016948266262577602,0,AB
fit/Ouyang,0.0,3.05,-0.01749369410823888,0,AB
fit/Ouyang,0.0,3.06,-0.018012662932680154,0,AB
fit/Ouyang,0.0,3.07,-0.018506033251457856,0,AB
fit/Ouyang,0.0,3.08,-0.01897464070190304,0,AB
fit/Ouyang,0.0,3.09,-0.01941929671912516,0,AB
fit/Ouyang,0.0,3.1,-0.019840789194567186,0,AB
fit/Ouyang,0.0,3.11,-0.020239883117524088,0,AB
fit/Ouyang,0.0,3.12,-0.020617321200056868,0,AB
fit/Ouyang,0.0,3.13,-0.02097382448568983,0,AB
fit/Ouyang,0.0,3.14,-0.021310092942295453,0,AB
fit/Ouyang,0.0,3.15,-0.021626806039560745,0,AB
fit/Ouyang,0.0,3.16,-0.021924623311398665,0,AB
fit/Ouyang,0.0,3.17,-0.02220418490368715,0,AB
fit/Ouyang,0.0,3.18,-0.022466112107690926,0,AB
fit/Ouyang,0.0,3.19,-0.022711007879529108,0,AB
fit/Ouyang,0.0,3.2,-0.022939457346019498,0,AB
fit/Ouyang,0.0,3.21,-0.023152028297250552,0,AB
fit/Ouyang,0.0,3.22,-0.02334927166620512,0,AB
fit/Ouyang,0.0,3.23,-0.02353172199576147,0,AB
fit/Ouyang,0.0,3.24,-0.02369989789338246,0,AB
fit/Ouyang,0.0,3.25,-0.023854302473805832,0,AB
fit/Ouyang,0.0,3.26,-0.023995423790032118,0,AB
fit/Ouyang,0.0,3.27,-0.024123735252906283,0,AB
fit/Ouyang,0.0,3.28,-0.024239696039582318,0,AB
fit/Ouyang,0.0,3.29,-0.024343751491139258,0,AB
fit/Ouyang,0.0,3.3,-0.02443633349964515,0,AB
fit/Ouyang,0.0,3.31,-0.024517860884906376,0,AB
fit/Ouyang,0.0,3.32,-0.024588739761190297,0,AB
fit/Ouyang,0.0,3.33,-0.024649363894159896,0,AB
fit/Ouyang,0.0,3.34,-0.02470011504827273,0,AB
fit/Ouyang,0.0,3.35,-0.024741363324888726,0,AB
fit/Ouyang,0.0,3.36,-0.024773467491324048,0,AB
fit/Ouyang,0.0,3.37,-0.024796775301075828,0,AB
fit/Ouyang,0.0,3.38,-0.024811623805455013,0,AB
fit/Ouyang,0.0,3.39,-0.024818339656836327,0,AB
fit/Ouyang,0.0,3.4,-0.02481723940374651,0,AB
fit/Ouyang,0.0,3.41,-0.02480862977799677,0,AB
fit/Ouyang,0.0,3.42,-0.024792807974071112,0,AB
fit/Ouyang,0.0,3.43,-0.024770061920960786,0,AB
fit/Ouyang,0.0,3.44,-0.02474067054664432,0,AB
fit/Ouyang,0.0,3.45,-0.024704904035408343,0,AB
fit/Ouyang,0.0,3.46,-0.0246630240781803,0,AB
fit/Ouyang,0.0,3.47,-0.024615284116072954,0,AB
fit/Ouyang,0.0,3.48,-0.02456192957730167,0,AB
fit/Ouyang,0.0,3.49,-0.024503198107649383,0,AB
fit/Ouyang,0.0,3.5,-0.024439319794658628,0,AB
fit/Ouyang,0.0,3.51,-0.024370517385697028,0,AB
fit/Ouyang,0.0,3.52,-0.024297006500068455,0,AB
fit/Ouyang,0.0,3.53,-0.024218995835320205,0,AB
fit/Ouyang,0.0,3.54,-0.024136687367900138,0,AB
fit/Ouyang,0.0,3.55,-0.024050276548309723,0,AB
fit/Ouyang,0.0,3.56,-0.023959952490900938,0,AB
fit/Ouyang,0.0,3.57,-0.02386589815845131,0,AB
fit/Ouyang,0.0,3.58,-0.023768290541664013,0,AB
fit/Ouyang,0.0,3.59,-0.023667300833715283,0,AB
fit/Ouyang,0.0,3.6,-0.023563094599989974,0,AB
fit/Ouyang,0.0,3.61,-0.023455831943127295,0,AB
fit/Ouyang,0.0,3.62,-0.023345667663497854,0,AB
fit/Ouyang,0.0,3.63,-0.023232751415242305,0,AB
fit/Ouyang,0.0,3.64,-0.023117227857976964,0,AB
fit/Ouyang,0.0,3.65,-0.022999236804293693,0,AB
fit/Ouyang,0.0,3.66,-0.02287891336315508,0,AB
fit/Ouyang,0.0,3.67,-0.02275638807930203,0,AB
fit/Ouyang,0.0,3.68,-0.02263178706877268,0,AB
fit/Ouyang,0.0,3.69,-0.02250523215064716,0,AB
fit/Ouyang,0.0,3.7,-0.02237684097510479,0,AB
fit/Ouyang,0.0,3.71,-0.022246727147903357,0,AB
fit/Ouyang,0.0,3.72,-0.022115000351373135,0,AB
fit/Ouyang,0.0,3.73,-0.021981766462014166,0,AB
fit/Ouyang,0.0,3.74,-0.021847127664798474,0,AB
fit/Ouyang,0.0,3.75,-0.021711182564251065,0,AB
fit/Ouyang,0.0,3.76,-0.02157402629241357,0,AB
fit/Ouyang,0.0,3.77,-0.021435750613756466,0,AB
fit/Ouyang,0.0,3.78,-0.02129644402713798,0,AB
fit/Ouyang,0.0,3.79,-0.021156191864875787,0,AB
fit/Ouyang,0.0,3.8,-0.02101507638902428,0,AB
fit/Ouyang,0.0,3.81,-0.020873176884914475,0,AB
fit/Ouyang,0.0,3.82,-0.020730569752049448,0,AB
fit/Ouyang,0.0,3.83,-0.020587328592413492,0,AB
fit/Ouyang,0.0,3.84,-0.02044352429626971,0,AB
fit/Ouyang,0.0,3.85,-0.02029922512551912,0,AB
fit/Ouyang,0.0,3.86,-0.02015449679467576,0,AB
fit/Ouyang,0.0,3.87,-0.020009402549536728,0,AB
fit/Ouyang,0.0,3.88,-0.01986400324359844,0,AB
fit/Ouyang,0.0,3.89,-0.019718357412286155,0,AB
fit/Ouyang,0.0,3.9,-0.019572521345056007,0,AB
fit/Ouyang,0.0,3.91,-0.019426549155429233,0,AB
fit/Ouyang,0.0,3.92,-0.019280492849007534,0,AB
fit/Ouyang,0.0,3.93,-0.019134402389536377,0,AB
fit/Ouyang,0.0,3.94,-0.01898832576306087,0,AB
fit/Ouyang,0.0,3.95,-0.018842309040229353,0,AB
fit/Ouyang,0.0,3.96,-0.018696396436797796,0,AB
fit/Ouyang,0.0,3.97,-0.018550630372380545,0,AB
fit/Ouyang,0.0,3.98,-0.018405051527498925,0,AB
fit/Ouyang,0.0,3.99,-0.018259698898973102,0,AB
fit/Ouyang,0.0,4.0,-0.01811460985370392,0,AB
fit/Ouyang,0.0,4.01,-0.017969820180887223,0,AB
fit/Ouyang,0.0,4.02,-0.017825364142707068,0,AB
fit/Ouyang,0.0,4.03,-0.01768127452354805,0,AB
fit/Ouyang,0.0,4.04,-0.01753758267776592,0,AB
fit/Ouyang,0.0,4.05,-0.017394318576062866,0,AB
fit/Ouyang,0.0,4.06,-0.01725151085049805,0,AB
fit/Ouyang,0.0,4.07,-0.01710918683817795,0,AB
fit/Ouyang,0.0,4.08,-0.01696737262365929,0,AB
fit/Ouyang,0.0,4.09,-0.01682609308010203,0,AB
fit/Ouyang,0.0,4.1,-0.01668537190920986,0,AB
fit/Ouyang,0.0,4.11,-0.01654523167998374,0,AB
fit/Ouyang,0.0,4.12,-0.016405693866333622,0,AB
fit/Ouyang,0.0,4.13,-0.016266778883570903,0,AB
fit/Ouyang,0.0,4.14,-0.016128506123814997,0,AB
fit/Ouyang,0.0,4.15,-0.015990893990350034,0,AB
fit/Ouyang,0.0,4.16,-0.015853959930952437,0,AB
fit/Ouyang,0.0,4.17,-0.015717720470224367,0,AB
fit/Ouyang,0.0,4.18,-0.015582191240961217,0,AB
fit/Ouyang,0.0,4.19,-0.015447387014576042,0,AB
fit/Ouyang,0.0,4.2,-0.015313321730612107,0,AB
fit/Ouyang,0.0,4.21,-0.015180008525366032,0,AB
fit/Ouyang,0.0,4.22,-0.015047459759649044,0,AB
fit/Ouyang,0.0,4.23,-0.01491568704570968,0,AB
fit/Ouyang,0.0,4.24,-0.014784701273341567,0,AB
fit/Ouyang,0.0,4.25,-0.014654512635198973,0,AB
fit/Ouyang,0.0,4.26,-0.0145251306513459,0,AB
fit/Ouyang,0.0,4.27,-0.01439656419305524,0,AB
fit/Ouyang,0.0,4.28,-0.014268821505883883,0,AB
fit/Ouyang,0.0,4.29,-0.01414191023204225,0,AB
fit/Ouyang,0.0,4.3,-0.01401583743207888,0,AB
fit/Ouyang,0.0,4.31,-0.013890609605900103,0,AB
fit/Ouyang,0.0,4.32,-0.013766232713142782,0,AB
fit/Ouyang,0.0,4.33,-0.01364271219292048,0,AB
fit/Ouyang,0.0,4.34,-0.01352005298295822,0,AB
fit/Ouyang,0.0,4.35,-0.01339825953813717,0,AB
fit/Ouyang,0.0,4.36,-0.01327733584846243,0,AB
fit/Ouyang,0.0,4.37,-0.013157285456474103,0,AB
fit/Ouyang,0.0,4.38,-0.013038111474113243,0,AB
fit/Ouyang,0.0,4.39,-0.012919816599065345,0,AB
fit/Ouyang,0.0,4.4,-0.012802403130587293,0,AB
fit/Ouyang,0.0,4.41,-0.012685872984842585,0,AB
fit/Ouyang,0.0,4.42,-0.012570227709750158,0,AB
fit/Ouyang,0.0,4.43,-0.012455468499368167,0,AB
fit/Ouyang,0.0,4.44,-0.01234159620782086,0,AB
fit/Ouyang,0.0,4.45,-0.01222861136278628,0,AB
fit/Ouyang,0.0,4.46,-0.012116514178553556,0,AB
fit/Ouyang,0.0,4.47,-0.01200530456866527,0,AB
fit/Ouyang,0.0,4.48,-0.011894982158156063,0,AB
fit/Ouyang,0.0,4.49,-0.011785546295398767,0,AB
fit/Ouyang,0.0,4.5,-0.011676996063571005,0,AB
fit/Ouyang,0.0,4.51,-0.01156933029175146,0,AB
fit/Ouyang,0.0,4.52,-0.011462547565658532,0,AB
fit/Ouyang,0.0,4.53,-0.011356646238040542,0,AB
fit/Ouyang,0.0,4.54,-0.011251624438729228,0,AB
fit/Ouyang,0.0,4.55,-0.011147480084365238,0,AB
fit/Ouyang,0.0,4.56,-0.011044210887804665,0,AB
fit/Ouyang,0.0,4.57,-0.01094181436721971,0,AB
fit/Ouyang,0.0,4.58,-0.010840287854896795,0,AB
fit/Ouyang,0.0,4.59,-0.01073962850574708,0,AB
fit/Ouyang,0.0,4.6,-0.0106398333055339,0,AB
fit/Ouyang,0.0,4.61,-0.01054089907882648,0,AB
fit/Ouyang,0.0,4.62,-0.010442822496690065,0,AB
fit/Ouyang,0.0,4.63,-0.010345600084116264,0,AB
fit/Ouyang,0.0,4.64,-0.01024922822720752,0,AB
fit/Ouyang,0.0,4.65,-0.010153703180115128,0,AB
fit/Ouyang,0.0,4.66,-0.010059021071746254,0,AB
fit/Ouyang,0.0,4.67,-0.009965177912241226,0,AB
fit/Ouyang,0.0,4.68,-0.009872169599230722,0,AB
fit/Ouyang,0.0,4.69,-0.0097799919238783,0,AB
fit/Ouyang,0.0,4.7,-0.009688640576715963,0,AB
fit/Ouyang,0.0,4.71,-0.009598111153278632,0,AB
fit/Ouyang,0.0,4.72,-0.0095083991595407,0,AB
fit/Ouyang,0.0,4.73,-0.009419500017168413,0,AB
fit/Ouyang,0.0,4.74,-0.009331409068583343,0,AB
fit/Ouyang,0.0,4.75,-0.009244121581851327,0,AB
fit/Ouyang,0.0,4.76,-0.009157632755397698,0,AB
fit/Ouyang,0.0,4.77,-0.009071937722556638,0,AB
fit/Ouyang,0.0,4.78,-0.008987031555955462,0,AB
fit/Ouyang,0.0,4.79,-0.00890290927174626,0,AB
fit/Ouyang,0.0,4.8,-0.008819565833681148,0,AB
fit/Ouyang,0.0,4.81,-0.0087369961570439,0,AB
fit/Ouyang,0.0,4.82,-0.00865519511243444,0,AB
fit/Ouyang,0.0,4.83,-0.0085741575294185,0,AB
fit/Ouyang,0.0,4.84,-0.008493878200042217,0,AB
fit/Ouyang,0.0,4.85,-0.008414351882215218,0,AB
fit/Ouyang,0.0,4.86,-0.00833557330296962,0,AB
fit/Ouyang,0.0,4.87,-0.008257537161595226,0,AB
fit/Ouyang,0.0,4.88,-0.00818023813265989,0,AB
fit/Ouyang,0.0,4.89,-0.008103670868910723,0,AB
fit/Ouyang,0.0,4.9,-0.008027830004069442,0,AB
fit/Ouyang,0.0,4.91,-0.00795271015551622,0,AB
fit/Ouyang,0.0,4.92,-0.00787830592687274,0,AB
fit/Ouyang,0.0,4.93,-0.007804611910483155,0,AB
fit/Ouyang,0.0,4.94,-0.007731622689797208,0,AB
fit/Ouyang,0.0,4.95,-0.0076593328416606175,0,AB
fit/Ouyang,0.0,4.96,-0.007587736938512995,0,AB
fit/Ouyang,0.0,4.97,-0.00751682955049765,0,AB
fit/Ouyang,0.0,4.98,-0.007446605247486487,0,AB
fit/Ouyang,0.0,4.99,-0.007377058601021272,0,AB
fit/Ouyang,0.0,5.0,-0.007308184186175875,0,AB
fit/Ouyang,0.0,5.01,-0.00723997658333974,0,AB
fit/Ouyang,0.0,5.02,-0.007172430379928345,0,AB
fit/Ouyang,0.0,5.03,-0.00710554017201894,0,AB
fit/Ouyang,0.0,5.04,-0.00703930056591824,0,AB
fit/Ouyang,0.0,5.05,-0.006973706179660442,0,AB
fit/Ouyang,0.0,5.06,-0.0069087516444415725,0,AB
fit/Ouyang,0.0,5.07,-0.006844431605988915,0,AB
fit/Ouyang,0.0,5.08,-0.006780740725869798,0,AB
fit/Ouyang,0.0,5.09,-0.006717673682741055,0,AB
fit/Ouyang,0.0,5.1,-0.006655225173541377,0,AB
fit/Ouyang,0.0,5.11,-0.006593389914628035,0,AB
fit/Ouyang,0.0,5.12,-0.006532162642859823,0,AB
fit/Ouyang,0.0,5.13,-0.00647153811662939,0,AB
fit/Ouyang,0.0,5.14,-0.006411511116844237,0,AB
fit/Ouyang,0.0,5.15,-0.006352076447860845,0,AB
fit/Ouyang,0.0,5.16,-0.006293228938370488,0,AB
fit/Ouyang,0.0,5.17,-0.006234963442242613,0,AB
fit/Ouyang,0.0,5.18,-0.006177274839321623,0,AB
fit/Ouyang,0.0,5.19,-0.0061201580361843,0,AB
fit/Ouyang,0.0,5.2,-0.006063607966855555,0,AB
fit/Ouyang,0.0,5.21,-0.006007619593485092,0,AB
fit/Ouyang,0.0,5.22,-0.00595218790698684,0,AB
fit/Ouyang,0.0,5.23,-0.005897307927641492,0,AB
fit/Ouyang,0.0,5.24,-0.0058429747056643775,0,AB
fit/Ouyang,0.0,5.25,-0.005789183321738682,0,AB
fit/Ouyang,0.0,5.26,-0.005735928887517083,0,AB
fit/Ouyang,0.0,5.27,-0.005683206546091063,0,AB
fit/Ouyang,0.0,5.28,-0.00563101147242984,0,AB
fit/Ouyang,0.0,5.29,-0.0055793388737910826,0,AB
fit/Ouyang,0.0,5.3,-0.005528183990101752,0,AB
fit/Ouyang,0.0,5.31,-0.005477542094313555,0,AB
fit/Ouyang,0.0,5.32,-0.005427408492730567,0,AB
fit/Ouyang,0.0,5.33,-0.005377778525313,0,AB
fit/Ouyang,0.0,5.34,-0.005328647565955892,0,AB
fit/Ouyang,0.0,5.35,-0.005280011022744465,0,AB
fit/Ouyang,0.0,5.36,-0.005231864338187752,0,AB
fit/Ouyang,0.0,5.37,-0.005184202989429508,0,AB
fit/Ouyang,0.0,5.38,-0.00513702248843937,0,AB
fit/Ouyang,0.0,5.39,-0.005090318382183045,0,AB
fit/Ouyang,0.0,5.4,-0.005044086252773475,0,AB
fit/Ouyang,0.0,5.41,-0.00499832171760474,0,AB
fit/Ouyang,0.0,5.42,-0.004953020429466198,0,AB
fit/Ouyang,0.0,5.43,-0.00490817807664117,0,AB
fit/Ouyang,0.0,5.44,-0.004863790382987922,0,AB
fit/Ouyang,0.0,5.45,-0.004819853108006592,0,AB
fit/Ouyang,0.0,5.46,-0.004776362046889292,0,AB
fit/Ouyang,0.0,5.47,-0.004733313030556677,0,AB
fit/Ouyang,0.0,5.48,-0.00469070192568026,0,AB
fit/Ouyang,0.0,5.49,-0.00464852463469179,0,AB
fit/Ouyang,0.0,5.5,-0.004606777095780015,0,AB
fit/Ouyang,0.0,5.51,-0.004565455282873735,0,AB
fit/Ouyang,0.0,5.52,-0.004524555205615582,0,AB
fit/Ouyang,0.0,5.53,-0.00448407290932228,0,AB
fit/Ouyang,0.0,5.54,-0.00444400447493605,0,AB
fit/Ouyang,0.0,5.55,-0.004404346018964637,0,AB
fit/Ouyang,0.0,5.56,-0.004365093693411683,0,AB
fit/Ouyang,0.0,5.57,-0.004326243685698362,0,AB
fit/Ouyang,0.0,5.58,-0.00428779221857554,0,AB
fit/Ouyang,0.0,5.59,-0.004249735550027335,0,AB
fit/Ouyang,0.0,5.6,-0.00421206997316747,0,AB
fit/Ouyang,0.0,5.61,-0.004174791816126725,0,AB
fit/Ouyang,0.0,5.62,-0.004137897441933893,0,AB
fit/Ouyang,0.0,5.63,-0.00410138324838946,0,AB
fit/Ouyang,0.0,5.64,-0.00406524566793229,0,AB
fit/Ouyang,0.0,5.65,-0.004029481167500888,0,AB
fit/Ouyang,0.0,5.66,-0.00399408624838775,0,AB
fit/Ouyang,0.0,5.67,-0.00395905744608856,0,AB
fit/Ouyang,0.0,5.68,-0.003924391330145793,0,AB
fit/Ouyang,0.0,5.69,-0.0038900845039873924,0,AB
fit/Ouyang,0.0,5.7,-0.003856133604760865,0,AB
fit/Ouyang,0.0,5.71,-0.003822535303161965,0,AB
fit/Ouyang,0.0,5.72,-0.003789286303260165,0,AB
fit/Ouyang,0.0,5.73,-0.0037563833423196,0,AB
fit/Ouyang,0.0,5.74,-0.003723823190616215,0,AB
fit/Ouyang,0.0,5.75,-0.003691602651251615,0,AB
fit/Ouyang,0.0,5.76,-0.003659718559963255,0,AB
fit/Ouyang,0.0,5.77,-0.003628167784931785,0,AB
fit/Ouyang,0.0,5.78,-0.0035969472265857377,0,AB
fit/Ouyang,0.0,5.79,-0.0035660538174027527,0,AB
fit/Ouyang,0.0,5.8,-0.003535484521709205,0,AB
fit/Ouyang,0.0,5.81,-0.0035052363354769024,0,AB
fit/Ouyang,0.0,5.82,-0.0034753062861180174,0,AB
fit/Ouyang,0.0,5.83,-0.003445691432278085,0,AB
fit/Ouyang,0.0,5.84,-0.0034163888636268526,0,AB
fit/Ouyang,0.0,5.85,-0.00338739570064787,0,AB
fit/Ouyang,0.0,5.86,-0.0033587090944266827,0,AB
fit/Ouyang,0.0,5.87,-0.003330326226437345,0,AB
fit/Ouyang,0.0,5.88,-0.00330224430832803,0,AB
fit/Ouyang,0.0,5.89,-0.00327446058170574,0,AB
fit/Ouyang,0.0,5.9,-0.003246972317919815,0,AB
fit/Ouyang,0.0,5.91,-0.0032197768178447174,0,AB
fit/Ouyang,0.0,5.92,-0.0031928714116626327,0,AB
fit/Ouyang,0.0,5.93,-0.0031662534586447324,0,AB
fit/Ouyang,0.0,5.94,-0.0031399203469330327,0,AB
fit/Ouyang,0.0,5.95,-0.0031138694933208625,0,AB
fit/Ouyang,0.0,5.96,-0.0030880983430341276,0,AB
fit/Ouyang,0.0,5.97,-0.0030626043695118526,0,AB
fit/Ouyang,0.0,5.98,-0.003037385074186905,0,AB
fit/Ouyang,0.0,5.99,-0.00301243798626695,0,AB
fit/Ouyang,0.0,6.0,-0.002987760662515325,0,AB
fit/Ouyang,0.0,6.01,-0.0029633506870323577,0,AB
fit/Ouyang,0.0,6.02,-0.0029392056710371975,0,AB
fit/Ouyang,0.0,6.03,-0.0029153232526495927,0,AB
fit/Ouyang,0.0,6.04,-0.00289170109667254,0,AB
fit/Ouyang,0.0,6.05,-0.0028683368943755025,0,AB
fit/Ouyang,0.0,6.06,-0.002845228363278235,0,AB
fit/Ouyang,0.0,6.07,-0.00282237324693508,0,AB
fit/Ouyang,0.0,6.08,-0.002799769314720515,0,AB
fit/Ouyang,0.0,6.09,-0.0027774143616149,0,AB
fit/Ouyang,0.0,6.1,-0.0027553062079917175,0,AB
fit/Ouyang,0.0,6.11,-0.0027334426994053973,0,AB
fit/Ouyang,0.0,6.12,-0.0027118217063802773,0,AB
fit/Ouyang,0.0,6.13,-0.00269044112420042,0,AB
fit/Ouyang,0.0,6.14,-0.002669298872700805,0,AB
fit/Ouyang,0.0,6.15,-0.0026483928960592475,0,AB
fit/Ouyang,0.0,6.16,-0.002627721162590145,0,AB
fit/Ouyang,0.0,6.17,-0.0026072816645386523,0,AB
fit/Ouyang,0.0,6.18,-0.002587072417876675,0,AB
fit/Ouyang,0.0,6.19,-0.0025670914620998277,0,AB
fit/Ouyang,0.0,6.2,-0.0025473368600261474,0,AB
fit/Ouyang,0.0,6.21,-0.0025278066975954775,0,AB
fit/Ouyang,0.0,6.22,-0.002508499083670745,0,AB
fit/Ouyang,0.0,6.23,-0.0024894121498408883,0,AB
fit/Ouyang,0.0,6.24,-0.0024705440502242834,0,AB
fit/Ouyang,0.0,6.25,-0.002451892961274756,0,AB
fit/Ouyang,0.0,6.26,-0.0024334570815882396,0,AB
fit/Ouyang,0.0,6.27,-0.002415234631711363,0,AB
fit/Ouyang,0.0,6.28,-0.00239722385395145,0,AB
fit/Ouyang,0.0,6.29,-0.0023794230121882906,0,AB
fit/Ouyang,0.0,6.3,-0.002361830391686921,0,AB
fit/Ouyang,0.0,6.31,-0.0023444442989127767,0,AB
fit/Ouyang,0.0,6.32,-0.0023272630613478036,0,AB
fit/Ouyang,0.0,6.33,-0.0023102850273085443,0,AB
fit/Ouyang,0.0,6.34,-0.0022935085657657677,0,AB
fit/Ouyang,0.0,6.35,-0.0022769320661656517,0,AB
fit/Ouyang,0.0,6.36,-0.0022605539382528498,0,AB
fit/Ouyang,0.0,6.37,-0.0022443726118950534,0,AB
fit/Ouyang,0.0,6.38,-0.002228386536909193,0,AB
fit/Ouyang,0.0,6.39,-0.0022125941828896162,0,AB
fit/Ouyang,0.0,6.4,-0.002196994039037597,0,AB
fit/Ouyang,0.0,6.41,-0.002181584613992775,0,AB
fit/Ouyang,0.0,6.42,-0.002166364435666429,0,AB
fit/Ouyang,0.0,6.43,-0.0021513320510760385,0,AB
fit/Ouyang,0.0,6.44,-0.0021364860261821293,0,AB
fit/Ouyang,0.0,6.45,-0.0021218249457262642,0,AB
fit/Ouyang,0.0,6.46,-0.0021073474130713556,0,AB
fit/Ouyang,0.0,6.47,-0.0020930520500432046,0,AB
fit/Ouyang,0.0,6.48,-0.002078937496774093,0,AB
fit/Ouyang,0.0,6.49,-0.0020650024115479635,0,AB
fit/Ouyang,0.0,6.5,-0.002051245470647607,0,AB
fit/Ouyang,0.0,6.51,-0.002037665368203068,0,AB
fit/Ouyang,0.0,6.52,-0.0020242608160421934,0,AB
fit/Ouyang,0.0,6.53,-0.0020110305435432118,0,AB
fit/Ouyang,0.0,6.54,-0.001997973297488484,0,AB
fit/Ouyang,0.0,6.55,-0.001985087841920015,0,AB
fit/Ouyang,0.0,6.56,-0.001972372957997245,0,AB
fit/Ouyang,0.0,6.57,-0.001959827443855921,0,AB
fit/Ouyang,0.0,6.58,-0.0019474501144692462,0,AB
fit/Ouyang,0.0,6.59,-0.0019352398015103323,0,AB
fit/Ouyang,0.0,6.6,-0.0019231953532165475,0,AB
fit/Ouyang,0.0,6.61,-0.001911315634255732,0,AB
fit/Ouyang,0.0,6.62,-0.0018995995255939565,0,AB
fit/Ouyang,0.0,6.63,-0.0018880459243649462,0,AB
fit/Ouyang,0.0,6.64,-0.001876653743741429,0,AB
fit/Ouyang,0.0,6.65,-0.001865421912808042,0,AB
fit/Ouyang,0.0,6.66,-0.0018543493764359399,0,AB
fit/Ouyang,0.0,6.67,-0.001843435095159262,0,AB
fit/Ouyang,0.0,6.68,-0.0018326780450530556,0,AB
fit/Ouyang,0.0,6.69,-0.0018220772176130034,0,AB
fit/Ouyang,0.0,6.7,-0.0018116316196369522,0,AB
fit/Ouyang,0.0,6.71,-0.0018013402731078534,0,AB
fit/Ouyang,0.0,6.72,-0.001791202215078581,0,AB
fit/Ouyang,0.0,6.73,-0.0017812164975584686,0,AB
fit/Ouyang,0.0,6.74,-0.0017713821874011802,0,AB
fit/Ouyang,0.0,6.75,-0.0017616983661945965,0,AB
fit/Ouyang,0.0,6.76,-0.0017521641301521586,0,AB
fit/Ouyang,0.0,6.77,-0.0017427785900059364,0,AB
fit/Ouyang,0.0,6.78,-0.0017335408709012329,0,AB
fit/Ouyang,0.0,6.79,-0.0017244501122928905,0,AB
fit/Ouyang,0.0,6.8,-0.0017155054678432778,0,AB
fit/Ouyang,0.0,6.81,-0.0017067061053216241,0,AB
fit/Ouyang,0.0,6.82,-0.0016980512065053065,0,AB
fit/Ouyang,0.0,6.83,-0.0016895399670825077,0,AB
fit/Ouyang,0.0,6.84,-0.001681171596556495,0,AB
fit/Ouyang,0.0,6.85,-0.0016729453181515113,0,AB
fit/Ouyang,0.0,6.86,-0.0016648603687204032,0,AB
fit/Ouyang,0.0,6.87,-0.0016569159986534185,0,AB
fit/Ouyang,0.0,6.88,-0.001649111471788982,0,AB
fit/Ouyang,0.0,6.89,-0.001641446065325788,0,AB
fit/Ouyang,0.0,6.9,-0.0016339190697366355,0,AB
fit/Ouyang,0.0,6.91,-0.0016265297886835554,0,AB
fit/Ouyang,0.0,6.92,-0.0016192775389346058,0,AB
fit/Ouyang,0.0,6.93,-0.0016121616502823518,0,AB
fit/Ouyang,0.0,6.94,-0.0016051814654635334,0,AB
fit/Ouyang,0.0,6.95,-0.0015983363400804394,0,AB
fit/Ouyang,0.0,6.96,-0.0015916256425239047,0,AB
fit/Ouyang,0.0,6.97,-0.001585048753897577,0,AB
fit/Ouyang,0.0,6.98,-0.001578605067943807,0,AB
fit/Ouyang,0.0,6.99,-0.0015722939909709713,0,AB
fit/Ouyang,0.0,7.0,-0.001566114941782457,0,AB
fit/Ouyang,0.0,7.01,-0.0015600673516067826,0,AB
fit/Ouyang,0.0,7.02,-0.0015541506640295375,0,AB
fit/Ouyang,0.0,7.03,-0.0015483643349265938,0,AB
fit/Ouyang,0.0,7.04,-0.001542707832398757,0,AB
fit/Ouyang,0.0,7.05,-0.0015371806367079621,0,AB
fit/Ouyang,0.0,7.06,-0.0015317822402149072,0,AB
fit/Ouyang,0.0,7.07,-0.0015265121473180376,0,AB
fit/Ouyang,0.0,7.08,-0.0015213698743940858,0,AB
fit/Ouyang,0.0,7.09,-0.0015163549497398737,0,AB
fit/Ouyang,0.0,7.1,-0.0015114669135157023,0,AB
fit/Ouyang,0.0,7.11,-0.0015067053176900825,0,AB
fit/Ouyang,0.0,7.12,-0.00150206972598581,0,AB
fit/Ouyang,0.0,7.13,-0.0014975597138276505,0,AB
fit/Ouyang,0.0,7.14,-0.0014931748682911244,0,AB
fit/Ouyang,0.0,7.15,-0.0014889147880529324,0,AB
fit/Ouyang,0.0,7.16,-0.0014847790833426638,0,AB
fit/Ouyang,0.0,7.17,-0.0014807673758959847,0,AB
fit/Ouyang,0.0,7.18,-0.0014768792989088985,0,AB
fit/Ouyang,0.0,7.19,-0.0014731144969939353,0,AB
fit/Ouyang,0.0,7.2,-0.0014694726261370804,0,AB
fit/Ouyang,0.16667,2.8,0.010090482929697974,0,SP
fit/Ouyang,0.16667,2.81,0.008502169557909995,0,SP
fit/Ouyang,0.16667,2.82,0.006971630642417922,0,SP
fit/Ouyang,0.16667,2.83,0.005497160514924502,0,SP
fit/Ouyang,0.16667,2.84,0.004077099250899388,0,SP
fit/Ouyang,0.16667,2.85,0.0027098315402870124,0,SP
fit/Ouyang,0.16667,2.86,0.0013937855829716087,0,SP
fit/Ouyang,0.16667,2.87,0.00012743200859185143,0,SP
fit/Ouyang,0.16667,2.88,-0.0010907171797064305,0,SP
fit/Ouyang,0.16667,2.89,-0.0022621096380067572,0,SP
fit/Ouyang,0.16667,2.9,-0.0033881536912456823,0,SP
fit/Ouyang,0.16667,2.91,-0.004470219320143988,0,SP
fit/Ouyang,0.16667,2.92,-0.005509639125853623,0,SP
fit/Ouyang,0.16667,2.93,-0.006507709272722965,0,SP
fit/Ouyang,0.16667,2.94,-0.007465690409580905,0,SP
fit/Ouyang,0.16667,2.95,-0.008384808569950894,0,SP
fit/Ouyang,0.16667,2.96,-0.009266256051579387,0,SP
fit/Ouyang,0.16667,2.97,-0.010111192275679207,0,SP
fit/Ouyang,0.16667,2.98,-0.010920744626274336,0,SP
fit/Ouyang,0.16667,2.99,-0.01169600927003274,0,SP
fit/Ouyang,0.16667,3.0,-0.012438051956969627,0,SP
fit/Ouyang,0.16667,3.01,-0.013147908802395717,0,SP
fit/Ouyang,0.16667,3.02,-0.01382658705048751,0,SP
fit/Ouyang,0.16667,3.03,-0.014475065819841622,0,SP
fit/Ouyang,0.16667,3.04,-0.015094296831385447,0,SP
fit/Ouyang,0.16667,3.05,-0.015685205118996383,0,SP
fit/Ouyang,0.16667,3.06,-0.016248689723187534,0,SP
fit/Ouyang,0.16667,3.07,-0.01678562436820766,0,SP
fit/Ouyang,0.16667,3.08,-0.01729685812290338,0,SP
fit/Ouyang,0.16667,3.09,-0.017783216045678715,0,SP
fit/Ouyang,0.16667,3.1,-0.018245499813891876,0,SP
fit/Ouyang,0.16667,3.11,-0.018684488338013255,0,SP
fit/Ouyang,0.16667,3.12,-0.019100938360877364,0,SP
fit/Ouyang,0.16667,3.13,-0.01949558504233719,0,SP
fit/Ouyang,0.16667,3.14,-0.01986914252965016,0,SP
fit/Ouyang,0.16667,3.15,-0.020222304513890507,0,SP
fit/Ouyang,0.16667,3.16,-0.020555744772702236,0,SP
fit/Ouyang,0.16667,3.17,-0.0208701176996899,0,SP
fit/Ouyang,0.16667,3.18,-0.02116605882073774,0,SP
fit/Ouyang,0.16667,3.19,-0.021444185297552522,0,SP
fit/Ouyang,0.16667,3.2,-0.02170509641870786,0,SP
fit/Ouyang,0.16667,3.21,-0.021949374078476403,0,SP
fit/Ouyang,0.16667,3.22,-0.0221775832437147,0,SP
fit/Ouyang,0.16667,3.23,-0.022390272409080345,0,SP
fit/Ouyang,0.16667,3.24,-0.02258797404083709,0,SP
fit/Ouyang,0.16667,3.25,-0.022771205009513296,0,SP
fit/Ouyang,0.16667,3.26,-0.02294046701166383,0,SP
fit/Ouyang,0.16667,3.27,-0.02309624698098692,0,SP
fit/Ouyang,0.16667,3.28,-0.023239017489044864,0,SP
fit/Ouyang,0.16667,3.29,-0.023369237135819777,0,SP
fit/Ouyang,0.16667,3.3,-0.02348735093034775,0,SP
fit/Ouyang,0.16667,3.31,-0.02359379066166147,0,SP
fit/Ouyang,0.16667,3.32,-0.023688975260263083,0,SP
fit/Ouyang,0.16667,3.33,-0.02377331115035474,0,SP
fit/Ouyang,0.16667,3.34,-0.023847192593038278,0,SP
fit/Ouyang,0.16667,3.35,-0.023911002020706153,0,SP
fit/Ouyang,0.16667,3.36,-0.02396511036282107,0,SP
fit/Ouyang,0.16667,3.37,-0.024009877363296846,0,SP
fit/Ouyang,0.16667,3.38,-0.02404565188967832,0,SP
fit/Ouyang,0.16667,3.39,-0.02407277223431548,0,SP
fit/Ouyang,0.16667,3.4,-0.02409156640772543,0,SP
fit/Ouyang,0.16667,3.41,-0.024102352424326286,0,SP
fit/Ouyang,0.16667,3.42,-0.02410543858073438,0,SP
fit/Ouyang,0.16667,3.43,-0.02410112372679498,0,SP
fit/Ouyang,0.16667,3.44,-0.024089697529530527,0,SP
fit/Ouyang,0.16667,3.45,-0.024071440730176655,0,SP
fit/Ouyang,0.16667,3.46,-0.024046625394471076,0,SP
fit/Ouyang,0.16667,3.47,-0.02401551515636466,0,SP
fit/Ouyang,0.16667,3.48,-0.023978365455314225,0,SP
fit/Ouyang,0.16667,3.49,-0.02393542376731395,0,SP
fit/Ouyang,0.16667,3.5,-0.023886929829823076,0,SP
fit/Ouyang,0.16667,3.51,-0.023833115860733917,0,SP
fit/Ouyang,0.16667,3.52,-0.023774206771536476,0,SP
fit/Ouyang,0.16667,3.53,-0.023710420374816587,0,SP
fit/Ouyang,0.16667,3.54,-0.023641967586231855,0,SP
fit/Ouyang,0.16667,3.55,-0.023569052621103558,0,SP
fit/Ouyang,0.16667,3.56,-0.02349187318575677,0,SP
fit/Ouyang,0.16667,3.57,-0.02341062066374216,0,SP
fit/Ouyang,0.16667,3.58,-0.023325480297067346,0,SP
fit/Ouyang,0.16667,3.59,-0.023236631362563806,0,SP
fit/Ouyang,0.16667,3.6,-0.023144247343511583,0,SP
fit/Ouyang,0.16667,3.61,-0.023048496096641048,0,SP
fit/Ouyang,0.16667,3.62,-0.022949540014629982,0,SP
fit/Ouyang,0.16667,3.63,-0.022847536184210395,0,SP
fit/Ouyang,0.16667,3.64,-0.022742636539995094,0,SP
fit/Ouyang,0.16667,3.65,-0.022634988014134508,0,SP
fit/Ouyang,0.16667,3.66,-0.022524732681910846,0,SP
fit/Ouyang,0.16667,3.67,-0.022412007903370414,0,SP
fit/Ouyang,0.16667,3.68,-0.022296946461099636,0,SP
fit/Ouyang,0.16667,3.69,-0.022179676694242274,0,SP
fit/Ouyang,0.16667,3.7,-0.022060322628851218,0,SP
fit/Ouyang,0.16667,3.71,-0.021939004104676002,0,SP
fit/Ouyang,0.16667,3.72,-0.02181583689847292,0,SP
fit/Ouyang,0.16667,3.73,-0.021690932843928312,0,SP
fit/Ouyang,0.16667,3.74,-0.021564399948284983,0,SP
fit/Ouyang,0.16667,3.75,-0.0214363425057576,0,SP
fit/Ouyang,0.16667,3.76,-0.021306861207814307,0,SP
fit/Ouyang,0.16667,3.77,-0.021176053250417146,0,SP
fit/Ouyang,0.16667,3.78,-0.02104401243828973,0,SP
fit/Ouyang,0.16667,3.79,-0.020910829286297748,0,SP
fit/Ouyang,0.16667,3.8,-0.020776591118013582,0,SP
fit/Ouyang,0.16667,3.81,-0.02064138216154036,0,SP
fit/Ouyang,0.16667,3.82,-0.020505283642668414,0,SP
fit/Ouyang,0.16667,3.83,-0.020368373875431774,0,SP
fit/Ouyang,0.16667,3.84,-0.020230728350136482,0,SP
fit/Ouyang,0.16667,3.85,-0.020092419818924474,0,SP
fit/Ouyang,0.16667,3.86,-0.019953518378941132,0,SP
fit/Ouyang,0.16667,3.87,-0.01981409155316652,0,SP
fit/Ouyang,0.16667,3.88,-0.019674204368976222,0,SP
fit/Ouyang,0.16667,3.89,-0.019533919434489722,0,SP
fit/Ouyang,0.16667,3.9,-0.01939329701276338,0,SP
fit/Ouyang,0.16667,3.91,-0.01925239509389214,0,SP
fit/Ouyang,0.16667,3.92,-0.01911126946506747,0,SP
fit/Ouyang,0.16667,3.93,-0.018969973778652605,0,SP
fit/Ouyang,0.16667,3.94,-0.018828559618324324,0,SP
fit/Ouyang,0.16667,3.95,-0.01868707656333591,0,SP
fit/Ouyang,0.16667,3.96,-0.01854557225094944,0,SP
fit/Ouyang,0.16667,3.97,-0.018404092437088203,0,SP
fit/Ouyang,0.16667,3.98,-0.018262681055256594,0,SP
fit/Ouyang,0.16667,3.99,-0.01812138027377392,0,SP
fit/Ouyang,0.16667,4.0,-0.01798023055136939,0,SP
fit/Ouyang,0.16667,4.01,-0.017839270691179143,0,SP
fit/Ouyang,0.16667,4.02,-0.01769853789319344,0,SP
fit/Ouyang,0.16667,4.03,-0.01755806780519142,0,SP
fit/Ouyang,0.16667,4.04,-0.017417894572207923,0,SP
fit/Ouyang,0.16667,4.05,-0.017278050884569983,0,SP
fit/Ouyang,0.16667,4.06,-0.017138568024544127,0,SP
fit/Ouyang,0.16667,4.07,-0.016999475911630275,0,SP
fit/Ouyang,0.16667,4.08,-0.016860803146541356,0,SP
fit/Ouyang,0.16667,4.09,-0.016722577053902184,0,SP
fit/Ouyang,0.16667,4.1,-0.016584823723705663,0,SP
fit/Ouyang,0.16667,4.11,-0.016447568051557393,0,SP
fit/Ouyang,0.16667,4.12,-0.01631083377774445,0,SP
fit/Ouyang,0.16667,4.13,-0.016174643525159196,0,SP
fit/Ouyang,0.16667,4.14,-0.01603901883611048,0,SP
fit/Ouyang,0.16667,4.15,-0.01590398020805261,0,SP
fit/Ouyang,0.16667,4.16,-0.015769547128261816,0,SP
fit/Ouyang,0.16667,4.17,-0.015635738107489947,0,SP
fit/Ouyang,0.16667,4.18,-0.015502570712623344,0,SP
fit/Ouyang,0.16667,4.19,-0.015370061598374398,0,SP
fit/Ouyang,0.16667,4.2,-0.015238226538032872,0,SP
fit/Ouyang,0.16667,4.21,-0.0151070804533036,0,SP
fit/Ouyang,0.16667,4.22,-0.014976637443255142,0,SP
fit/Ouyang,0.16667,4.23,-0.01484691081240391,0,SP
fit/Ouyang,0.16667,4.24,-0.014717913097961133,0,SP
fit/Ouyang,0.16667,4.25,-0.01458965609626092,0,SP
fit/Ouyang,0.16667,4.26,-0.014462150888396988,0,SP
fit/Ouyang,0.16667,4.27,-0.0143354078650869,0,SP
fit/Ouyang,0.16667,4.28,-0.014209436750788645,0,SP
fit/Ouyang,0.16667,4.29,-0.01408424662708803,0,SP
fit/Ouyang,0.16667,4.3,-0.01395984595537823,0,SP
fit/Ouyang,0.16667,4.31,-0.013836242598852145,0,SP
fit/Ouyang,0.16667,4.32,-0.01371344384382679,0,SP
fit/Ouyang,0.16667,4.33,-0.013591456420417213,0,SP
fit/Ouyang,0.16667,4.34,-0.01347028652258063,0,SP
fit/Ouyang,0.16667,4.35,-0.013349939827547138,0,SP
fit/Ouyang,0.16667,4.36,-0.013230421514654393,0,SP
fit/Ouyang,0.16667,4.37,-0.01311173628360466,0,SP
fit/Ouyang,0.16667,4.38,-0.012993888372158487,0,SP
fit/Ouyang,0.16667,4.39,-0.012876881573283542,0,SP
fit/Ouyang,0.16667,4.4,-0.012760719251772497,0,SP
fit/Ouyang,0.16667,4.41,-0.0126454043603446,0,SP
fit/Ouyang,0.16667,4.42,-0.01253093945524903,0,SP
fit/Ouyang,0.16667,4.43,-0.012417326711380117,0,SP
fit/Ouyang,0.16667,4.44,-0.012304567936920687,0,SP
fit/Ouyang,0.16667,4.45,-0.012192664587528327,0,SP
fit/Ouyang,0.16667,4.46,-0.012081617780074485,0,SP
fit/Ouyang,0.16667,4.47,-0.011971428305952355,0,SP
fit/Ouyang,0.16667,4.48,-0.011862096643963928,0,SP
fit/Ouyang,0.16667,4.49,-0.011753622972800427,0,SP
fit/Ouyang,0.16667,4.5,-0.011646007183125558,0,SP
fit/Ouyang,0.16667,4.51,-0.011539248889275107,0,SP
fit/Ouyang,0.16667,4.52,-0.01143334744058313,0,SP
fit/Ouyang,0.16667,4.53,-0.011328301932345734,0,SP
fit/Ouyang,0.16667,4.54,-0.011224111216433208,0,SP
fit/Ouyang,0.16667,4.55,-0.011120773911560057,0,SP
fit/Ouyang,0.16667,4.56,-0.011018288413224633,0,SP
fit/Ouyang,0.16667,4.57,-0.010916652903326048,0,SP
fit/Ouyang,0.16667,4.58,-0.010815865359469564,0,SP
fit/Ouyang,0.16667,4.59,-0.0107159235639679,0,SP
fit/Ouyang,0.16667,4.6,-0.010616825112549338,0,SP
fit/Ouyang,0.16667,4.61,-0.010518567422779748,0,SP
fit/Ouyang,0.16667,4.62,-0.010421147742207886,0,SP
fit/Ouyang,0.16667,4.63,-0.01032456315624128,0,SP
fit/Ouyang,0.16667,4.64,-0.01022881059576235,0,SP
fit/Ouyang,0.16667,4.65,-0.010133886844489777,0,SP
fit/Ouyang,0.16667,4.66,-0.01003978854609609,0,SP
fit/Ouyang,0.16667,4.67,-0.00994651221108611,0,SP
fit/Ouyang,0.16667,4.68,-0.009854054223443504,0,SP
fit/Ouyang,0.16667,4.69,-0.009762410847055232,0,SP
fit/Ouyang,0.16667,4.7,-0.009671578231915858,0,SP
fit/Ouyang,0.16667,4.71,-0.009581552420123523,0,SP
fit/Ouyang,0.16667,4.72,-0.009492329351669444,0,SP
fit/Ouyang,0.16667,4.73,-0.00940390487002967,0,SP
fit/Ouyang,0.16667,4.74,-0.009316274727564655,0,SP
fit/Ouyang,0.16667,4.75,-0.009229434590731587,0,SP
fit/Ouyang,0.16667,4.76,-0.009143380045116337,0,SP
fit/Ouyang,0.16667,4.77,-0.009058106600289596,0,SP
fit/Ouyang,0.16667,4.78,-0.008973609694493276,0,SP
fit/Ouyang,0.16667,4.79,-0.008889884699161663,0,SP
fit/Ouyang,0.16667,4.8,-0.008806926923282407,0,SP
fit/Ouyang,0.16667,4.81,-0.008724731617603282,0,SP
fit/Ouyang,0.16667,4.82,-0.008643293978688682,0,SP
fit/Ouyang,0.16667,4.83,-0.008562609152829472,0,SP
fit/Ouyang,0.16667,4.84,-0.008482672239812703,0,SP
fit/Ouyang,0.16667,4.85,-0.008403478296554766,0,SP
fit/Ouyang,0.16667,4.86,-0.008325022340600572,0,SP
fit/Ouyang,0.16667,4.87,-0.008247299353496258,0,SP
fit/Ouyang,0.16667,4.88,-0.008170304284035958,0,SP
fit/Ouyang,0.16667,4.89,-0.00809403205138855,0,SP
fit/Ouyang,0.16667,4.9,-0.008018477548108116,0,SP
fit/Ouyang,0.16667,4.91,-0.00794363564303013,0,SP
fit/Ouyang,0.16667,4.92,-0.007869501184059055,0,SP
fit/Ouyang,0.16667,4.93,-0.007796069000849733,0,SP
fit/Ouyang,0.16667,4.94,-0.007723333907385627,0,SP
fit/Ouyang,0.16667,4.95,-0.007651290704457257,0,SP
fit/Ouyang,0.16667,4.96,-0.007579934182045353,0,SP
fit/Ouyang,0.16667,4.97,-0.007509259121609507,0,SP
fit/Ouyang,0.16667,4.98,-0.007439260298287147,0,SP
fit/Ouyang,0.16667,4.99,-0.00736993248300504,0,SP
fit/Ouyang,0.16667,5.0,-0.0073012704445058274,0,SP
fit/Ouyang,0.16667,5.01,-0.00723326895129276,0,SP
fit/Ouyang,0.16667,5.02,-0.007165922773495357,0,SP
fit/Ouyang,0.16667,5.03,-0.00709922668465801,0,SP
fit/Ouyang,0.16667,5.04,-0.007033175463454565,0,SP
fit/Ouyang,0.16667,5.05,-0.006967763895330723,0,SP
fit/Ouyang,0.16667,5.06,-0.00690298677407753,0,SP
fit/Ouyang,0.16667,5.07,-0.00683883890333695,0,SP
fit/Ouyang,0.16667,5.08,-0.006775315098042953,0,SP
fit/Ouyang,0.16667,5.09,-0.0067124101857994525,0,SP
fit/Ouyang,0.16667,5.1,-0.006650119008197225,0,SP
fit/Ouyang,0.16667,5.11,-0.006588436422072788,0,SP
fit/Ouyang,0.16667,5.12,-0.006527357300709315,0,SP
fit/Ouyang,0.16667,5.13,-0.006466876534983787,0,SP
fit/Ouyang,0.16667,5.14,-0.00640698903445998,0,SP
fit/Ouyang,0.16667,5.15,-0.00634768972843086,0,SP
fit/Ouyang,0.16667,5.16,-0.006288973566910993,0,SP
fit/Ouyang,0.16667,5.17,-0.006230835521581025,0,SP
fit/Ouyang,0.16667,5.18,-0.00617327058668614,0,SP
fit/Ouyang,0.16667,5.19,-0.006116273779889395,0,SP
fit/Ouyang,0.16667,5.2,-0.0060598401430820925,0,SP
fit/Ouyang,0.16667,5.21,-0.006003964743152563,0,SP
fit/Ouyang,0.16667,5.22,-0.005948642672714395,0,SP
fit/Ouyang,0.16667,5.23,-0.005893869050795675,0,SP
fit/Ouyang,0.16667,5.24,-0.005839639023491223,0,SP
fit/Ouyang,0.16667,5.25,-0.005785947764578123,0,SP
fit/Ouyang,0.16667,5.26,-0.0057327904760965075,0,SP
fit/Ouyang,0.16667,5.27,-0.005680162388896445,0,SP
fit/Ouyang,0.16667,5.28,-0.0056280587631525525,0,SP
fit/Ouyang,0.16667,5.29,-0.005576474888847097,0,SP
fit/Ouyang,0.16667,5.3,-0.005525406086222705,0,SP
fit/Ouyang,0.16667,5.31,-0.005474847706206208,0,SP
fit/Ouyang,0.16667,5.32,-0.005424795130804205,0,SP
fit/Ouyang,0.16667,5.33,-0.005375243773471288,0,SP
fit/Ouyang,0.16667,5.34,-0.005326189079452728,0,SP
fit/Ouyang,0.16667,5.35,-0.005277626526101415,0,SP
fit/Ouyang,0.16667,5.36,-0.005229551623171093,0,SP
fit/Ouyang,0.16667,5.37,-0.005181959913085798,0,SP
fit/Ouyang,0.16667,5.38,-0.005134846971187337,0,SP
fit/Ouyang,0.16667,5.39,-0.005088208405960548,0,SP
fit/Ouyang,0.16667,5.4,-0.0050420398592384225,0,SP
fit/Ouyang,0.16667,5.41,-0.004996337006386647,0,SP
fit/Ouyang,0.16667,5.42,-0.0049510955564694824,0,SP
fit/Ouyang,0.16667,5.43,-0.004906311252396485,0,SP
fit/Ouyang,0.16667,5.44,-0.004861979871052023,0,SP
fit/Ouyang,0.16667,5.45,-0.0048180972234074925,0,SP
fit/Ouyang,0.16667,5.46,-0.0047746591546169725,0,SP
fit/Ouyang,0.16667,5.47,-0.00473166154409737,0,SP
fit/Ouyang,0.16667,5.48,-0.004689100305593315,0,SP
fit/Ouyang,0.16667,5.49,-0.0046469713872276325,0,SP
fit/Ouyang,0.16667,5.5,-0.004605270771537575,0,SP
fit/Ouyang,0.16667,5.51,-0.004563994475498165,0,SP
fit/Ouyang,0.16667,5.52,-0.004523138550532507,0,SP
fit/Ouyang,0.16667,5.53,-0.004482699082509508,0,SP
fit/Ouyang,0.16667,5.54,-0.0044426721917305125,0,SP
fit/Ouyang,0.16667,5.55,-0.004403054032904082,0,SP
fit/Ouyang,0.16667,5.56,-0.004363840795110265,0,SP
fit/Ouyang,0.16667,5.57,-0.0043250287017546326,0,SP
fit/Ouyang,0.16667,5.58,-0.004286614010512443,0,SP
fit/Ouyang,0.16667,5.59,-0.004248593013262927,0,SP
fit/Ouyang,0.16667,5.6,-0.00421096203601562,0,SP
fit/Ouyang,0.16667,5.61,-0.004173717438826935,0,SP
fit/Ouyang,0.16667,5.62,-0.0041368556157094,0,SP
fit/Ouyang,0.16667,5.63,-0.004100372994532717,0,SP
fit/Ouyang,0.16667,5.64,-0.00406426603691745,0,SP
fit/Ouyang,0.16667,5.65,-0.004028531238121722,0,SP
fit/Ouyang,0.16667,5.66,-0.00399316512692106,0,SP
fit/Ouyang,0.16667,5.67,-0.003958164265482003,0,SP
fit/Ouyang,0.16667,5.68,-0.003923525249229375,0,SP
fit/Ouyang,0.16667,5.69,-0.003889244706708155,0,SP
fit/Ouyang,0.16667,5.7,-0.003855319299439545,0,SP
fit/Ouyang,0.16667,5.71,-0.00382174572177191,0,SP
fit/Ouyang,0.16667,5.72,-0.003788520700727135,0,SP
fit/Ouyang,0.16667,5.73,-0.0037556409958419473,0,SP
fit/Ouyang,0.16667,5.74,-0.003723103399005035,0,SP
fit/Ouyang,0.16667,5.75,-0.0036909047342903274,0,SP
fit/Ouyang,0.16667,5.76,-0.0036590418577857973,0,SP
fit/Ouyang,0.16667,5.77,-0.0036275116574192626,0,SP
fit/Ouyang,0.16667,5.78,-0.003596311052780355,0,SP
fit/Ouyang,0.16667,5.79,-0.0035654369949394875,0,SP
fit/Ouyang,0.16667,5.8,-0.0035348864662637573,0,SP
fit/Ouyang,0.16667,5.81,-0.00350465648023003,0,SP
fit/Ouyang,0.16667,5.82,-0.003474744081235695,0,SP
fit/Ouyang,0.16667,5.83,-0.003445146344406545,0,SP
fit/Ouyang,0.16667,5.84,-0.0034158603754030326,0,SP
fit/Ouyang,0.16667,5.85,-0.0033868833102237974,0,SP
fit/Ouyang,0.16667,5.86,-0.0033582123150080823,0,SP
fit/Ouyang,0.16667,5.87,-0.003329844585835815,0,SP
fit/Ouyang,0.16667,5.88,-0.00330177734852635,0,SP
fit/Ouyang,0.16667,5.89,-0.0032740078584359874,0,SP
fit/Ouyang,0.16667,5.9,-0.00324653340025386,0,SP
fit/Ouyang,0.16667,5.91,-0.0032193512877970024,0,SP
fit/Ouyang,0.16667,5.92,-0.00319245886380435,0,SP
fit/Ouyang,0.16667,5.93,-0.00316585349972975,0,SP
fit/Ouyang,0.16667,5.94,-0.003139532595534505,0,SP
fit/Ouyang,0.16667,5.95,-0.0031134935794789073,0,SP
fit/Ouyang,0.16667,5.96,-0.00308773390791369,0,SP
fit/Ouyang,0.16667,5.97,-0.00306225106507072,0,SP
fit/Ouyang,0.16667,5.98,-0.0030370425628536077,0,SP
fit/Ouyang,0.16667,5.99,-0.003012105940628055,0,SP
fit/Ouyang,0.16667,6.0,-0.00298743876501213,0,SP
fit/Ouyang,0.16667,6.01,-0.002963038629666475,0,SP
fit/Ouyang,0.16667,6.02,-0.0029389031550847225,0,SP
fit/Ouyang,0.16667,6.03,-0.002915029988383995,0,SP
fit/Ouyang,0.16667,6.04,-0.00289141680309573,0,SP
fit/Ouyang,0.16667,6.05,-0.0028680612989566276,0,SP
fit/Ouyang,0.16667,6.06,-0.00284496120170039,0,SP
fit/Ouyang,0.16667,6.07,-0.00282211426284954,0,SP
fit/Ouyang,0.16667,6.08,-0.002799518259508085,0,SP
fit/Ouyang,0.16667,6.09,-0.0027771709941546373,0,SP
fit/Ouyang,0.16667,6.1,-0.0027550702944362775,0,SP
fit/Ouyang,0.16667,6.11,-0.00273321401296313,0,SP
fit/Ouyang,0.16667,6.12,-0.0027116000271036876,0,SP
fit/Ouyang,0.16667,6.13,-0.00269022623878118,0,SP
fit/Ouyang,0.16667,6.14,-0.00266909057427053,0,SP
fit/Ouyang,0.16667,6.15,-0.00264819098399659,0,SP
fit/Ouyang,0.16667,6.16,-0.0026275254423330976,0,SP
fit/Ouyang,0.16667,6.17,-0.0026070919474029627,0,SP
fit/Ouyang,0.16667,6.18,-0.0025868885208793976,0,SP
fit/Ouyang,0.16667,6.19,-0.0025669132077882125,0,SP
fit/Ouyang,0.16667,6.2,-0.0025471640763113524,0,SP
fit/Ouyang,0.16667,6.21,-0.00252763921759171,0,SP
fit/Ouyang,0.16667,6.22,-0.002508336745538995,0,SP
fit/Ouyang,0.16667,6.23,-0.0024892547966369498,0,SP
fit/Ouyang,0.16667,6.24,-0.002470391529751929,0,SP
fit/Ouyang,0.16667,6.25,-0.0024517451259427696,0,SP
fit/Ouyang,0.16667,6.26,-0.002433313788272004,0,SP
fit/Ouyang,0.16667,6.27,-0.00241509574161844,0,SP
fit/Ouyang,0.16667,6.28,-0.0023970892324913155,0,SP
fit/Ouyang,0.16667,6.29,-0.002379292528845696,0,SP
fit/Ouyang,0.16667,6.3,-0.0023617039198993027,0,SP
fit/Ouyang,0.16667,6.31,-0.0023443217159512413,0,SP
fit/Ouyang,0.16667,6.32,-0.0023271442482014825,0,SP
fit/Ouyang,0.16667,6.33,-0.002310169868572753,0,SP
fit/Ouyang,0.16667,6.34,-0.0022933969495331137,0,SP
fit/Ouyang,0.16667,6.35,-0.002276823883920766,0,SP
fit/Ouyang,0.16667,6.36,-0.002260449084769927,0,SP
fit/Ouyang,0.16667,6.37,-0.00224427098513872,0,SP
fit/Ouyang,0.16667,6.38,-0.0022282880379381805,0,SP
fit/Ouyang,0.16667,6.39,-0.002212498715763323,0,SP
fit/Ouyang,0.16667,6.4,-0.0021969015107255892,0,SP
fit/Ouyang,0.16667,6.41,-0.0021814949342868067,0,SP
fit/Ouyang,0.16667,6.42,-0.0021662775170950633,0,SP
fit/Ouyang,0.16667,6.43,-0.002151247808822193,0,SP
fit/Ouyang,0.16667,6.44,-0.002136404378002531,0,SP
fit/Ouyang,0.16667,6.45,-0.002121745811873853,0,SP
fit/Ouyang,0.16667,6.46,-0.0021072707162197086,0,SP
fit/Ouyang,0.16667,6.47,-0.0020929777152132417,0,SP
fit/Ouyang,0.16667,6.48,-0.002078865451263158,0,SP
fit/Ouyang,0.16667,6.49,-0.002064932584860849,0,SP
fit/Ouyang,0.16667,6.5,-0.0020511777944296097,0,SP
fit/Ouyang,0.16667,6.51,-0.002037599776175299,0,SP
fit/Ouyang,0.16667,6.52,-0.0020241972439386897,0,SP
fit/Ouyang,0.16667,6.53,-0.002010968929049721,0,SP
fit/Ouyang,0.16667,6.54,-0.0019979135801830752,0,SP
fit/Ouyang,0.16667,6.55,-0.0019850299632158002,0,SP
fit/Ouyang,0.16667,6.56,-0.001972316861086385,0,SP
fit/Ouyang,0.16667,6.57,-0.0019597730736556265,0,SP
fit/Ouyang,0.16667,6.58,-0.001947397417569038,0,SP
fit/Ouyang,0.16667,6.59,-0.0019351887261212725,0,SP
fit/Ouyang,0.16667,6.6,-0.0019231458491217384,0,SP
fit/Ouyang,0.16667,6.61,-0.001911267652762371,0,SP
fit/Ouyang,0.16667,6.62,-0.0018995530194867594,0,SP
fit/Ouyang,0.16667,6.63,-0.0018880008478611167,0,SP
fit/Ouyang,0.16667,6.64,-0.001876610052446792,0,SP
fit/Ouyang,0.16667,6.65,-0.0018653795636746622,0,SP
fit/Ouyang,0.16667,6.66,-0.0018543083277209082,0,SP
fit/Ouyang,0.16667,6.67,-0.0018433953063846512,0,SP
fit/Ouyang,0.16667,6.68,-0.0018326394769671572,0,SP
fit/Ouyang,0.16667,6.69,-0.0018220398321528006,0,SP
fit/Ouyang,0.16667,6.7,-0.0018115953798914515,0,SP
fit/Ouyang,0.16667,6.71,-0.0018013051432828162,0,SP
fit/Ouyang,0.16667,6.72,-0.0017911681604621372,0,SP
fit/Ouyang,0.16667,6.73,-0.0017811834844877015,0,SP
fit/Ouyang,0.16667,6.74,-0.0017713501832298554,0,SP
fit/Ouyang,0.16667,6.75,-0.0017616673392617643,0,SP
fit/Ouyang,0.16667,6.76,-0.0017521340497516546,0,SP
fit/Ouyang,0.16667,6.77,-0.0017427494263567986,0,SP
fit/Ouyang,0.16667,6.78,-0.0017335125951190018,0,SP
fit/Ouyang,0.16667,6.79,-0.0017244226963617543,0,SP
fit/Ouyang,0.16667,6.8,-0.0017154788845889456,0,SP
fit/Ouyang,0.16667,6.81,-0.00170668032838522,0,SP
fit/Ouyang,0.16667,6.82,-0.001698026210317761,0,SP
fit/Ouyang,0.16667,6.83,-0.0016895157268399107,0,SP
fit/Ouyang,0.16667,6.84,-0.001681148088196101,0,SP
fit/Ouyang,0.16667,6.85,-0.0016729225183284547,0,SP
fit/Ouyang,0.16667,6.86,-0.001664838254785041,0,SP
fit/Ouyang,0.16667,6.87,-0.001656894548629411,0,SP
fit/Ouyang,0.16667,6.88,-0.0016490906643520393,0,SP
fit/Ouyang,0.16667,6.89,-0.001641425879782933,0,SP
fit/Ouyang,0.16667,6.9,-0.0016338994860061182,0,SP
fit/Ouyang,0.16667,6.91,-0.00162651078727532,0,SP
fit/Ouyang,0.16667,6.92,-0.0016192591009314486,0,SP
fit/Ouyang,0.16667,6.93,-0.0016121437573213924,0,SP
fit/Ouyang,0.16667,6.94,-0.0016051640997184582,0,SP
fit/Ouyang,0.16667,6.95,-0.0015983194842441556,0,SP
fit/Ouyang,0.16667,6.96,-0.0015916092797917196,0,SP
fit/Ouyang,0.16667,6.97,-0.00158503286795079,0,SP
fit/Ouyang,0.16667,6.98,-0.0015785896429338796,0,SP
fit/Ouyang,0.16667,6.99,-0.0015722790115040952,0,SP
fit/Ouyang,0.16667,7.0,-0.0015661003929044752,0,SP
fit/Ouyang,0.16667,7.01,-0.001560053218788782,0,SP
fit/Ouyang,0.16667,7.02,-0.0015541369331535412,0,SP
fit/Ouyang,0.16667,7.03,-0.0015483509922718066,0,SP
fit/Ouyang,0.16667,7.04,-0.0015426948646282185,0,SP
fit/Ouyang,0.16667,7.05,-0.0015371680308555403,0,SP
fit/Ouyang,0.16667,7.06,-0.0015317699836726035,0,SP
fit/Ouyang,0.16667,7.07,-0.0015265002278236782,0,SP
fit/Ouyang,0.16667,7.08,-0.0015213582800193417,0,SP
fit/Ouyang,0.16667,7.09,-0.0015163436688786034,0,SP
fit/Ouyang,0.16667,7.1,-0.001511455934872619,0,SP
fit/Ouyang,0.16667,7.11,-0.001506694630269677,0,SP
fit/Ouyang,0.16667,7.12,-0.0015020593190816082,0,SP
fit/Ouyang,0.16667,7.13,-0.0014975495770116521,0,SP
fit/Ouyang,0.16667,7.14,-0.0014931649914036566,0,SP
fit/Ouyang,0.16667,7.15,-0.0014889051611926786,0,SP
fit/Ouyang,0.16667,7.16,-0.0014847696968569345,0,SP
fit/Ouyang,0.16667,7.17,-0.0014807582203711573,0,SP
fit/Ouyang,0.16667,7.18,-0.0014768703651613418,0,SP
fit/Ouyang,0.16667,7.19,-0.0014731057760607666,0,SP
fit/Ouyang,0.16667,7.2,-0.0014694641092675507,0,SP
fit/Ouyang,0.5,2.8,0.023852956376470964,0,Mid
fit/Ouyang,0.5,2.81,0.021851277905882722,0,Mid
fit/Ouyang,0.5,2.82,0.019919714798137332,0,Mid
fit/Ouyang,0.5,2.83,0.0180561963057058,0,Mid
fit/Ouyang,0.5,2.84,0.016258708066652486,0,Mid
fit/Ouyang,0.5,2.85,0.014525290672880517,0,Mid
fit/Ouyang,0.5,2.86,0.012854038271344242,0,Mid
fit/Ouyang,0.5,2.87,0.011243097197613535,0,Mid
fit/Ouyang,0.5,2.88,0.00969066464117916,0,Mid
fit/Ouyang,0.5,2.89,0.008194987341883467,0,Mid
fit/Ouyang,0.5,2.9,0.00675436031687736,0,Mid
fit/Ouyang,0.5,2.91,0.00536712561750889,0,Mid
fit/Ouyang,0.5,2.92,0.004031671115547192,0,Mid
fit/Ouyang,0.5,2.93,0.0027464293181526426,0,Mid
fit/Ouyang,0.5,2.94,0.0015098762110275622,0,Mid
fit/Ouyang,0.5,2.95,0.00032053012916209776,0,Mid
fit/Ouyang,0.5,2.96,-0.0008230493453793057,0,Mid
fit/Ouyang,0.5,2.97,-0.0019222624591988125,0,Mid
fit/Ouyang,0.5,2.98,-0.0029784703373711,0,Mid
fit/Ouyang,0.5,2.99,-0.003992996007868258,0,Mid
fit/Ouyang,0.5,3.0,-0.004967125401134245,0,Mid
fit/Ouyang,0.5,3.01,-0.005902108325333385,0,Mid
fit/Ouyang,0.5,3.02,-0.00679915941780057,0,Mid
fit/Ouyang,0.5,3.03,-0.0076594590731965725,0,Mid
fit/Ouyang,0.5,3.04,-0.00848415434887749,0,Mid
fit/Ouyang,0.5,3.05,-0.009274359847974515,0,Mid
fit/Ouyang,0.5,3.06,-0.010031158580668517,0,Mid
fit/Ouyang,0.5,3.07,-0.010755602804143016,0,Mid
fit/Ouyang,0.5,3.08,-0.011448714841684944,0,Mid
fit/Ouyang,0.5,3.09,-0.01211148788140028,0,Mid
fit/Ouyang,0.5,3.1,-0.012744886754998607,0,Mid
fit/Ouyang,0.5,3.11,-0.013349848697091046,0,Mid
fit/Ouyang,0.5,3.12,-0.013927284085453183,0,Mid
fit/Ouyang,0.5,3.13,-0.01447807716266857,0,Mid
fit/Ouyang,0.5,3.14,-0.015003086739593954,0,Mid
fit/Ouyang,0.5,3.15,-0.015503146881048984,0,Mid
fit/Ouyang,0.5,3.16,-0.01597906757414835,0,Mid
fit/Ouyang,0.5,3.17,-0.016431635379673102,0,Mid
fit/Ouyang,0.5,3.18,-0.016861614066875134,0,Mid
fit/Ouyang,0.5,3.19,-0.017269745232100734,0,Mid
fit/Ouyang,0.5,3.2,-0.017656748901611907,0,Mid
fit/Ouyang,0.5,3.21,-0.01802332411897586,0,Mid
fit/Ouyang,0.5,3.22,-0.018370149517386688,0,Mid
fit/Ouyang,0.5,3.23,-0.018697883877272805,0,Mid
fit/Ouyang,0.5,3.24,-0.019007166669544454,0,Mid
fit/Ouyang,0.5,3.25,-0.01929861858481757,0,Mid
fit/Ouyang,0.5,3.26,-0.0195728420489525,0,Mid
fit/Ouyang,0.5,3.27,-0.01983042172523252,0,Mid
fit/Ouyang,0.5,3.28,-0.020071925003507726,0,Mid
fit/Ouyang,0.5,3.29,-0.02029790247661422,0,Mid
fit/Ouyang,0.5,3.3,-0.020508888404378315,0,Mid
fit/Ouyang,0.5,3.31,-0.02070540116550545,0,Mid
fit/Ouyang,0.5,3.32,-0.02088794369765512,0,Mid
fit/Ouyang,0.5,3.33,-0.021057003925977435,0,Mid
fit/Ouyang,0.5,3.34,-0.021213055180406875,0,Mid
fit/Ouyang,0.5,3.35,-0.02135655660198086,0,Mid
fit/Ouyang,0.5,3.36,-0.021487953538457224,0,Mid
fit/Ouyang,0.5,3.37,-0.02160767792949037,0,Mid
fit/Ouyang,0.5,3.38,-0.021716148681631877,0,Mid
fit/Ouyang,0.5,3.39,-0.02181377203339733,0,Mid
fit/Ouyang,0.5,3.4,-0.02190094191065686,0,Mid
fit/Ouyang,0.5,3.41,-0.021978040272583696,0,Mid
fit/Ouyang,0.5,3.42,-0.02204543744839758,0,Mid
fit/Ouyang,0.5,3.43,-0.0221034924651392,0,Mid
fit/Ouyang,0.5,3.44,-0.022152553366689573,0,Mid
fit/Ouyang,0.5,3.45,-0.02219295752426697,0,Mid
fit/Ouyang,0.5,3.46,-0.022225031938607868,0,Mid
fit/Ouyang,0.5,3.47,-0.022249093534045264,0,Mid
fit/Ouyang,0.5,3.48,-0.022265449444688407,0,Mid
fit/Ouyang,0.5,3.49,-0.022274397292905326,0,Mid
fit/Ouyang,0.5,3.5,-0.022276225460305173,0,Mid
fit/Ouyang,0.5,3.51,-0.02227121335140638,0,Mid
fit/Ouyang,0.5,3.52,-0.022259631650183694,0,Mid
fit/Ouyang,0.5,3.53,-0.022241742569671853,0,Mid
fit/Ouyang,0.5,3.54,-0.022217800094806305,0,Mid
fit/Ouyang,0.5,3.55,-0.022188050218673785,0,Mid
fit/Ouyang,0.5,3.56,-0.02215273117234116,0,Mid
fit/Ouyang,0.5,3.57,-0.02211207364843104,0,Mid
fit/Ouyang,0.5,3.58,-0.02206630101860208,0,Mid
fit/Ouyang,0.5,3.59,-0.02201562954509539,0,Mid
fit/Ouyang,0.5,3.6,-0.02196026858649771,0,Mid
fit/Ouyang,0.5,3.61,-0.021900420797872102,0,Mid
fit/Ouyang,0.5,3.62,-0.021836282325405087,0,Mid
fit/Ouyang,0.5,3.63,-0.021768042995710325,0,Mid
fit/Ouyang,0.5,3.64,-0.021695886499930317,0,Mid
fit/Ouyang,0.5,3.65,-0.021619990572768723,0,Mid
fit/Ouyang,0.5,3.66,-0.021540527166592206,0,Mid
fit/Ouyang,0.5,3.67,-0.021457662620723857,0,Mid
fit/Ouyang,0.5,3.68,-0.021371557826060553,0,Mid
fit/Ouyang,0.5,3.69,-0.021282368385134313,0,Mid
fit/Ouyang,0.5,3.7,-0.02119024476773729,0,Mid
fit/Ouyang,0.5,3.71,-0.021095332462228604,0,Mid
fit/Ouyang,0.5,3.72,-0.020997772122640174,0,Mid
fit/Ouyang,0.5,3.73,-0.02089769971168432,0,Mid
fit/Ouyang,0.5,3.74,-0.02079524663978113,0,Mid
fit/Ouyang,0.5,3.75,-0.02069053990020767,0,Mid
fit/Ouyang,0.5,3.76,-0.020583702200468033,0,Mid
fit/Ouyang,0.5,3.77,-0.020474852089993962,0,Mid
fit/Ouyang,0.5,3.78,-0.020364104084262424,0,Mid
fit/Ouyang,0.5,3.79,-0.02025156878543919,0,Mid
fit/Ouyang,0.5,3.8,-0.020137352999628575,0,Mid
fit/Ouyang,0.5,3.81,-0.020021559850828857,0,Mid
fit/Ouyang,0.5,3.82,-0.01990428889167857,0,Mid
fit/Ouyang,0.5,3.83,-0.019785636211078227,0,Mid
fit/Ouyang,0.5,3.84,-0.019665694538776254,0,Mid
fit/Ouyang,0.5,3.85,-0.019544553346997666,0,Mid
fit/Ouyang,0.5,3.86,-0.019422298949192406,0,Mid
fit/Ouyang,0.5,3.87,-0.019299014595989646,0,Mid
fit/Ouyang,0.5,3.88,-0.019174780568423182,0,Mid
fit/Ouyang,0.5,3.89,-0.019049674268512243,0,Mid
fit/Ouyang,0.5,3.9,-0.018923770307258506,0,Mid
fit/Ouyang,0.5,3.91,-0.01879714059014068,0,Mid
fit/Ouyang,0.5,3.92,-0.018669854400165636,0,Mid
fit/Ouyang,0.5,3.93,-0.018541978478547397,0,Mid
fit/Ouyang,0.5,3.94,-0.018413577103077405,0,Mid
fit/Ouyang,0.5,3.95,-0.01828471216424845,0,Mid
fit/Ouyang,0.5,3.96,-0.01815544323919585,0,Mid
fit/Ouyang,0.5,3.97,-0.018025827663511896,0,Mid
fit/Ouyang,0.5,3.98,-0.01789592060099498,0,Mid
fit/Ouyang,0.5,3.99,-0.01776577511139,0,Mid
fit/Ouyang,0.5,4.0,-0.017635442216172525,0,Mid
fit/Ouyang,0.5,4.01,-0.01750497096243176,0,Mid
fit/Ouyang,0.5,4.02,-0.017374408484908583,0,Mid
fit/Ouyang,0.5,4.03,-0.017243800066231683,0,Mid
fit/Ouyang,0.5,4.04,-0.017113189195408756,0,Mid
fit/Ouyang,0.5,4.05,-0.016982617624616,0,Mid
fit/Ouyang,0.5,4.06,-0.016852125424337228,0,Mid
fit/Ouyang,0.5,4.07,-0.016721751036894373,0,Mid
fit/Ouyang,0.5,4.08,-0.016591531328416637,0,Mid
fit/Ouyang,0.5,4.09,-0.016461501639289448,0,Mid
fit/Ouyang,0.5,4.1,-0.01633169583312887,0,Mid
fit/Ouyang,0.5,4.11,-0.016202146344318602,0,Mid
fit/Ouyang,0.5,4.12,-0.01607288422415204,0,Mid
fit/Ouyang,0.5,4.13,-0.015943939185617446,0,Mid
fit/Ouyang,0.5,4.14,-0.01581533964686486,0,Mid
fit/Ouyang,0.5,4.15,-0.015687112773390206,0,Mid
fit/Ouyang,0.5,4.16,-0.015559284518974733,0,Mid
fit/Ouyang,0.5,4.17,-0.015431879665410828,0,Mid
fit/Ouyang,0.5,4.18,-0.015304921861053892,0,Mid
fit/Ouyang,0.5,4.19,-0.015178433658227955,0,Mid
fit/Ouyang,0.5,4.2,-0.015052436549519717,0,Mid
fit/Ouyang,0.5,4.21,-0.01492695100299301,0,Mid
fit/Ouyang,0.5,4.22,-0.014801996496351525,0,Mid
fit/Ouyang,0.5,4.23,-0.014677591550082228,0,Mid
fit/Ouyang,0.5,4.24,-0.014553753759607683,0,Mid
fit/Ouyang,0.5,4.25,-0.014430499826472643,0,Mid
fit/Ouyang,0.5,4.26,-0.014307845588596463,0,Mid
fit/Ouyang,0.5,4.27,-0.014185806049614553,0,Mid
fit/Ouyang,0.5,4.28,-0.01406439540733671,0,Mid
fit/Ouyang,0.5,4.29,-0.01394362708134604,0,Mid
fit/Ouyang,0.5,4.3,-0.013823513739763217,0,Mid
fit/Ouyang,0.5,4.31,-0.013704067325201453,0,Mid
fit/Ouyang,0.5,4.32,-0.013585299079932904,0,Mid
fit/Ouyang,0.5,4.33,-0.01346721957029014,0,Mid
fit/Ouyang,0.5,4.34,-0.01334983871032526,0,Mid
fit/Ouyang,0.5,4.35,-0.013233165784746382,0,Mid
fit/Ouyang,0.5,4.36,-0.013117209471153236,0,Mid
fit/Ouyang,0.5,4.37,-0.013001977861592264,0,Mid
fit/Ouyang,0.5,4.38,-0.01288747848344955,0,Mid
fit/Ouyang,0.5,4.39,-0.012773718319701957,0,Mid
fit/Ouyang,0.5,4.4,-0.012660703828543816,0,Mid
fit/Ouyang,0.5,4.41,-0.012548440962407904,0,Mid
fit/Ouyang,0.5,4.42,-0.012436935186398355,0,Mid
fit/Ouyang,0.5,4.43,-0.012326191496151712,0,Mid
fit/Ouyang,0.5,4.44,-0.012216214435143062,0,Mid
fit/Ouyang,0.5,4.45,-0.01210700811145407,0,Mid
fit/Ouyang,0.5,4.46,-0.011998576214016775,0,Mid
fit/Ouyang,0.5,4.47,-0.011890922028351104,0,Mid
fit/Ouyang,0.5,4.48,-0.011784048451806726,0,Mid
fit/Ouyang,0.5,4.49,-0.011677958008328902,0,Mid
fit/Ouyang,0.5,4.5,-0.011572652862757625,0,Mid
fit/Ouyang,0.5,4.51,-0.011468134834675877,0,Mid
fit/Ouyang,0.5,4.52,-0.01136440541182087,0,Mid
fit/Ouyang,0.5,4.53,-0.011261465763068272,0,Mid
fit/Ouyang,0.5,4.54,-0.011159316751005283,0,Mid
fit/Ouyang,0.5,4.55,-0.011057958944102294,0,Mid
fit/Ouyang,0.5,4.56,-0.010957392628495677,0,Mid
fit/Ouyang,0.5,4.57,-0.01085761781939385,0,Mid
fit/Ouyang,0.5,4.58,-0.010758634272116138,0,Mid
fit/Ouyang,0.5,4.59,-0.01066044149277687,0,Mid
fit/Ouyang,0.5,4.6,-0.010563038748624088,0,Mid
fit/Ouyang,0.5,4.61,-0.010466425078044125,0,Mid
fit/Ouyang,0.5,4.62,-0.010370599300240682,0,Mid
fit/Ouyang,0.5,4.63,-0.01027556002459909,0,Mid
fit/Ouyang,0.5,4.64,-0.010181305659744877,0,Mid
fit/Ouyang,0.5,4.65,-0.010087834422305462,0,Mid
fit/Ouyang,0.5,4.66,-0.009995144345384005,0,Mid
fit/Ouyang,0.5,4.67,-0.009903233286754406,0,Mid
fit/Ouyang,0.5,4.68,-0.009812098936784764,0,Mid
fit/Ouyang,0.5,4.69,-0.009721738826098997,0,Mid
fit/Ouyang,0.5,4.7,-0.009632150332982288,0,Mid
fit/Ouyang,0.5,4.71,-0.009543330690540827,0,Mid
fit/Ouyang,0.5,4.72,-0.009455276993620582,0,Mid
fit/Ouyang,0.5,4.73,-0.009367986205494108,0,Mid
fit/Ouyang,0.5,4.74,-0.009281455164321448,0,Mid
fit/Ouyang,0.5,4.75,-0.009195680589393473,0,Mid
fit/Ouyang,0.5,4.76,-0.009110659087161008,0,Mid
fit/Ouyang,0.5,4.77,-0.00902638715706056,0,Mid
fit/Ouyang,0.5,4.78,-0.008942861197139282,0,Mid
fit/Ouyang,0.5,4.79,-0.00886007750948695,0,Mid
fit/Ouyang,0.5,4.8,-0.008778032305481106,0,Mid
fit/Ouyang,0.5,4.81,-0.00869672171084918,0,Mid
fit/Ouyang,0.5,4.82,-0.008616141770556255,0,Mid
fit/Ouyang,0.5,4.83,-0.008536288453520708,0,Mid
fit/Ouyang,0.5,4.84,-0.008457157657164803,0,Mid
fit/Ouyang,0.5,4.85,-0.00837874521180527,0,Mid
fit/Ouyang,0.5,4.86,-0.008301046884887782,0,Mid
fit/Ouyang,0.5,4.87,-0.0082240583850713,0,Mid
fit/Ouyang,0.5,4.88,-0.008147775366166333,0,Mid
fit/Ouyang,0.5,4.89,-0.008072193430931547,0,Mid
fit/Ouyang,0.5,4.9,-0.007997308134733644,0,Mid
fit/Ouyang,0.5,4.91,-0.007923114989073854,0,Mid
fit/Ouyang,0.5,4.92,-0.00784960946498687,0,Mid
fit/Ouyang,0.5,4.93,-0.007776786996313983,0,Mid
fit/Ouyang,0.5,4.94,-0.00770464298285642,0,Mid
fit/Ouyang,0.5,4.95,-0.007633172793410925,0,Mid
fit/Ouyang,0.5,4.96,-0.007562371768693077,0,Mid
fit/Ouyang,0.5,4.97,-0.00749223522415008,0,Mid
fit/Ouyang,0.5,4.98,-0.007422758452667683,0,Mid
fit/Ouyang,0.5,4.99,-0.007353936727174692,0,Mid
fit/Ouyang,0.5,5.0,-0.007285765303146905,0,Mid
fit/Ouyang,0.5,5.01,-0.007218239421015553,0,Mid
fit/Ouyang,0.5,5.02,-0.007151354308482085,0,Mid
fit/Ouyang,0.5,5.03,-0.007085105182742478,0,Mid
fit/Ouyang,0.5,5.04,-0.0070194872526244175,0,Mid
fit/Ouyang,0.5,5.05,-0.00695449572063929,0,Mid
fit/Ouyang,0.5,5.06,-0.006890125784953038,0,Mid
fit/Ouyang,0.5,5.07,-0.006826372641277122,0,Mid
fit/Ouyang,0.5,5.08,-0.006763231484682815,0,Mid
fit/Ouyang,0.5,5.09,-0.006700697511341987,0,Mid
fit/Ouyang,0.5,5.1,-0.006638765920194875,0,Mid
fit/Ouyang,0.5,5.11,-0.006577431914549892,0,Mid
fit/Ouyang,0.5,5.12,-0.0065166907036146625,0,Mid
fit/Ouyang,0.5,5.13,-0.006456537503963843,0,Mid
fit/Ouyang,0.5,5.14,-0.006396967540942293,0,Mid
fit/Ouyang,0.5,5.15,-0.006337976050009138,0,Mid
fit/Ouyang,0.5,5.16,-0.006279558278021843,0,Mid
fit/Ouyang,0.5,5.17,-0.00622170948446425,0,Mid
fit/Ouyang,0.5,5.18,-0.0061644249426195,0,Mid
fit/Ouyang,0.5,5.19,-0.006107699940689732,0,Mid
fit/Ouyang,0.5,5.2,-0.00605152978286469,0,Mid
fit/Ouyang,0.5,5.21,-0.00599590979034102,0,Mid
fit/Ouyang,0.5,5.22,-0.005940835302293042,0,Mid
fit/Ouyang,0.5,5.23,-0.005886301676797772,0,Mid
fit/Ouyang,0.5,5.24,-0.005832304291715315,0,Mid
fit/Ouyang,0.5,5.25,-0.0057788385455257475,0,Mid
fit/Ouyang,0.5,5.26,-0.005725899858124745,0,Mid
fit/Ouyang,0.5,5.27,-0.00567348367157847,0,Mid
fit/Ouyang,0.5,5.28,-0.00562158545084014,0,Mid
fit/Ouyang,0.5,5.29,-0.005570200684428783,0,Mid
fit/Ouyang,0.5,5.3,-0.005519324885071795,0,Mid
fit/Ouyang,0.5,5.31,-0.005468953590312905,0,Mid
fit/Ouyang,0.5,5.32,-0.005419082363085795,0,Mid
fit/Ouyang,0.5,5.33,-0.00536970679225597,0,Mid
fit/Ouyang,0.5,5.34,-0.00532082249313088,0,Mid
fit/Ouyang,0.5,5.35,-0.005272425107939378,0,Mid
fit/Ouyang,0.5,5.36,-0.005224510306283067,0,Mid
fit/Ouyang,0.5,5.37,-0.005177073785558622,0,Mid
fit/Ouyang,0.5,5.38,-0.00513011127135334,0,Mid
fit/Ouyang,0.5,5.39,-0.00508361851781451,0,Mid
fit/Ouyang,0.5,5.4,-0.00503759130799395,0,Mid
fit/Ouyang,0.5,5.41,-0.0049920254541677,0,Mid
fit/Ouyang,0.5,5.42,-0.0049469167981329,0,Mid
fit/Ouyang,0.5,5.43,-0.00490226121148192,0,Mid
fit/Ouyang,0.5,5.44,-0.004858054595854987,0,Mid
fit/Ouyang,0.5,5.45,-0.004814292883171875,0,Mid
fit/Ouyang,0.5,5.46,-0.004770972035843715,0,Mid
fit/Ouyang,0.5,5.47,-0.0047280880469652824,0,Mid
fit/Ouyang,0.5,5.48,-0.004685636940488947,0,Mid
fit/Ouyang,0.5,5.49,-0.00464361477138081,0,Mid
fit/Ouyang,0.5,5.5,-0.00460201762575915,0,Mid
fit/Ouyang,0.5,5.51,-0.004560841621017735,0,Mid
fit/Ouyang,0.5,5.52,-0.004520082905931537,0,Mid
fit/Ouyang,0.5,5.53,-0.004479737660748715,0,Mid
fit/Ouyang,0.5,5.54,-0.004439802097267215,0,Mid
fit/Ouyang,0.5,5.55,-0.00440027245889746,0,Mid
fit/Ouyang,0.5,5.56,-0.004361145020712198,0,Mid
fit/Ouyang,0.5,5.57,-0.004322416089482368,0,Mid
fit/Ouyang,0.5,5.58,-0.004284082003701882,0,Mid
fit/Ouyang,0.5,5.59,-0.0042461391335992,0,Mid
fit/Ouyang,0.5,5.6,-0.00420858388113912,0,Mid
fit/Ouyang,0.5,5.61,-0.004171412680012155,0,Mid
fit/Ouyang,0.5,5.62,-0.004134621995614485,0,Mid
fit/Ouyang,0.5,5.63,-0.00409820832501784,0,Mid
fit/Ouyang,0.5,5.64,-0.004062168196929427,0,Mid
fit/Ouyang,0.5,5.65,-0.004026498171643312,0,Mid
fit/Ouyang,0.5,5.66,-0.003991194840982488,0,Mid
fit/Ouyang,0.5,5.67,-0.003956254828233515,0,Mid
fit/Ouyang,0.5,5.68,-0.003921674788072252,0,Mid
fit/Ouyang,0.5,5.69,-0.003887451406482765,0,Mid
fit/Ouyang,0.5,5.7,-0.00385358140066868,0,Mid
fit/Ouyang,0.5,5.71,-0.003820061518957805,0,Mid
fit/Ouyang,0.5,5.72,-0.003786888540700265,0,Mid
fit/Ouyang,0.5,5.73,-0.003754059276160205,0,Mid
fit/Ouyang,0.5,5.74,-0.0037215705664019427,0,Mid
fit/Ouyang,0.5,5.75,-0.0036894192831702075,0,Mid
fit/Ouyang,0.5,5.76,-0.0036576023287653125,0,Mid
fit/Ouyang,0.5,5.77,-0.0036261166359131476,0,Mid
fit/Ouyang,0.5,5.78,-0.0035949591676303324,0,Mid
fit/Ouyang,0.5,5.79,-0.003564126917085185,0,Mid
fit/Ouyang,0.5,5.8,-0.003533616907453975,0,Mid
fit/Ouyang,0.5,5.81,-0.003503426191773585,0,Mid
fit/Ouyang,0.5,5.82,-0.00347355185279016,0,Mid
fit/Ouyang,0.5,5.83,-0.003443991002804155,0,Mid
fit/Ouyang,0.5,5.84,-0.0034147407835122077,0,Mid
fit/Ouyang,0.5,5.85,-0.0033857983658457523,0,Mid
fit/Ouyang,0.5,5.86,-0.0033571609498067477,0,Mid
fit/Ouyang,0.5,5.87,-0.00332882576430073,0,Mid
fit/Ouyang,0.5,5.88,-0.00330079006696714,0,Mid
fit/Ouyang,0.5,5.89,-0.003273051144007405,0,Mid
fit/Ouyang,0.5,5.9,-0.0032456063100108376,0,Mid
fit/Ouyang,0.5,5.91,-0.0032184529077784125,0,Mid
fit/Ouyang,0.5,5.92,-0.00319158830814477,0,Mid
fit/Ouyang,0.5,5.93,-0.003165009909798475,0,Mid
fit/Ouyang,0.5,5.94,-0.0031387151391007676,0,Mid
fit/Ouyang,0.5,5.95,-0.003112701449902575,0,Mid
fit/Ouyang,0.5,5.96,-0.0030869663233608073,0,Mid
fit/Ouyang,0.5,5.97,-0.0030615072677529923,0,Mid
fit/Ouyang,0.5,5.98,-0.003036321818291095,0,Mid
fit/Ouyang,0.5,5.99,-0.003011407536934345,0,Mid
fit/Ouyang,0.5,6.0,-0.002986762012201465,0,Mid
fit/Ouyang,0.5,6.01,-0.0029623828589820777,0,Mid
fit/Ouyang,0.5,6.02,-0.00293826771834749,0,Mid
fit/Ouyang,0.5,6.03,-0.0029144142573612974,0,Mid
fit/Ouyang,0.5,6.04,-0.0028908201688893874,0,Mid
fit/Ouyang,0.5,6.05,-0.0028674831714096526,0,Mid
fit/Ouyang,0.5,6.06,-0.0028444010088218225,0,Mid
fit/Ouyang,0.5,6.07,-0.0028215714502570076,0,Mid
fit/Ouyang,0.5,6.08,-0.002798992289887175,0,Mid
fit/Ouyang,0.5,6.09,-0.0027766613467350727,0,Mid
fit/Ouyang,0.5,6.1,-0.00275457646448395,0,Mid
fit/Ouyang,0.5,6.11,-0.0027327355112876425,0,Mid
fit/Ouyang,0.5,6.12,-0.00271113637958121,0,Mid
fit/Ouyang,0.5,6.13,-0.0026897769858915677,0,Mid
fit/Ouyang,0.5,6.14,-0.002668655270648885,0,Mid
fit/Ouyang,0.5,6.15,-0.002647769197998335,0,Mid
fit/Ouyang,0.5,6.16,-0.00262711675561253,0,Mid
fit/Ouyang,0.5,6.17,-0.0026066959545045275,0,Mid
fit/Ouyang,0.5,6.18,-0.0025865048288416475,0,Mid
fit/Ouyang,0.5,6.19,-0.002566541435759675,0,Mid
fit/Ouyang,0.5,6.2,-0.0025468038551784474,0,Mid
fit/Ouyang,0.5,6.21,-0.0025272901896177574,0,Mid
fit/Ouyang,0.5,6.22,-0.00250799856401445,0,Mid
fit/Ouyang,0.5,6.23,-0.002488927125540329,0,Mid
fit/Ouyang,0.5,6.24,-0.002470074043421056,0,Mid
fit/Ouyang,0.5,6.25,-0.0024514375087561807,0,Mid
fit/Ouyang,0.5,6.26,-0.0024330157343399332,0,Mid
fit/Ouyang,0.5,6.27,-0.002414806954483559,0,Mid
fit/Ouyang,0.5,6.28,-0.002396809424838315,0,Mid
fit/Ouyang,0.5,6.29,-0.00237902142221997,0,Mid
fit/Ouyang,0.5,6.3,-0.0023614412444342165,0,Mid
fit/Ouyang,0.5,6.31,-0.0023440672101036506,0,Mid
fit/Ouyang,0.5,6.32,-0.0023268976584955117,0,Mid
fit/Ouyang,0.5,6.33,-0.002309930949351286,0,Mid
fit/Ouyang,0.5,6.34,-0.0022931654627169336,0,Mid
fit/Ouyang,0.5,6.35,-0.0022765995987751304,0,Mid
fit/Ouyang,0.5,6.36,-0.0022602317776782336,0,Mid
fit/Ouyang,0.5,6.37,-0.002244060439383088,0,Mid
fit/Ouyang,0.5,6.38,-0.0022280840434868404,0,Mid
fit/Ouyang,0.5,6.39,-0.0022123010690643916,0,Mid
fit/Ouyang,0.5,6.4,-0.0021967100145072805,0,Mid
fit/Ouyang,0.5,6.41,-0.002181309397363695,0,Mid
fit/Ouyang,0.5,6.42,-0.00216609775418034,0,Mid
fit/Ouyang,0.5,6.43,-0.0021510736403454857,0,Mid
fit/Ouyang,0.5,6.44,-0.002136235629933642,0,Mid
fit/Ouyang,0.5,6.45,-0.002121582315551615,0,Mid
fit/Ouyang,0.5,6.46,-0.0021071123081861337,0,Mid
fit/Ouyang,0.5,6.47,-0.0020928242370529503,0,Mid
fit/Ouyang,0.5,6.48,-0.0020787167494474186,0,Mid
fit/Ouyang,0.5,6.49,-0.002064788510596588,0,Mid
fit/Ouyang,0.5,6.5,-0.002051038203513024,0,Mid
fit/Ouyang,0.5,6.51,-0.002037464528849905,0,Mid
fit/Ouyang,0.5,6.52,-0.002024066204757749,0,Mid
fit/Ouyang,0.5,6.53,-0.0020108419667428054,0,Mid
fit/Ouyang,0.5,6.54,-0.0019977905675268486,0,Mid
fit/Ouyang,0.5,6.55,-0.0019849107769086003,0,Mid
fit/Ouyang,0.5,6.56,-0.0019722013816268094,0,Mid
fit/Ouyang,0.5,6.57,-0.001959661185224648,0,Mid
fit/Ouyang,0.5,6.58,-0.0019472890079158792,0,Mid
fit/Ouyang,0.5,6.59,-0.0019350836864526525,0,Mid
fit/Ouyang,0.5,6.6,-0.0019230440739946117,0,Mid
fit/Ouyang,0.5,6.61,-0.0019111690399798837,0,Mid
fit/Ouyang,0.5,6.62,-0.0018994574699973572,0,Mid
fit/Ouyang,0.5,6.63,-0.0018879082656608312,0,Mid
fit/Ouyang,0.5,6.64,-0.001876520344484406,0,Mid
fit/Ouyang,0.5,6.65,-0.001865292639759813,0,Mid
fit/Ouyang,0.5,6.66,-0.0018542241004350273,0,Mid
fit/Ouyang,0.5,6.67,-0.0018433136909945492,0,Mid
fit/Ouyang,0.5,6.68,-0.0018325603913413513,0,Mid
fit/Ouyang,0.5,6.69,-0.0018219631966802032,0,Mid
fit/Ouyang,0.5,6.7,-0.0018115211174027982,0,Mid
fit/Ouyang,0.5,6.71,-0.001801233178974219,0,Mid
fit/Ouyang,0.5,6.72,-0.0017910984218211458,0,Mid
fit/Ouyang,0.5,6.73,-0.0017811159012214915,0,Mid
fit/Ouyang,0.5,6.74,-0.0017712846871957104,0,Mid
fit/Ouyang,0.5,6.75,-0.0017616038643995897,0,Mid
fit/Ouyang,0.5,6.76,-0.0017520725320185017,0,Mid
fit/Ouyang,0.5,6.77,-0.0017426898036635443,0,Mid
fit/Ouyang,0.5,6.78,-0.0017334548072687203,0,Mid
fit/Ouyang,0.5,6.79,-0.001724366684990141,0,Mid
fit/Ouyang,0.5,6.8,-0.0017154245931064098,0,Mid
fit/Ouyang,0.5,6.81,-0.001706627701920785,0,Mid
fit/Ouyang,0.5,6.82,-0.0016979751956647056,0,Mid
fit/Ouyang,0.5,6.83,-0.0016894662724029118,0,Mid
fit/Ouyang,0.5,6.84,-0.0016811001439400882,0,Mid
fit/Ouyang,0.5,6.85,-0.0016728760357289283,0,Mid
fit/Ouyang,0.5,6.86,-0.0016647931867799207,0,Mid
fit/Ouyang,0.5,6.87,-0.0016568508495722833,0,Mid
fit/Ouyang,0.5,6.88,-0.0016490482899668116,0,Mid
fit/Ouyang,0.5,6.89,-0.001641384787119875,0,Mid
fit/Ouyang,0.5,6.9,-0.00163385963339913,0,Mid
fit/Ouyang,0.5,6.91,-0.0016264721343005318,0,Mid
fit/Ouyang,0.5,6.92,-0.0016192216083670558,0,Mid
fit/Ouyang,0.5,6.93,-0.0016121073871085924,0,Mid
fit/Ouyang,0.5,6.94,-0.0016051288149236086,0,Mid
fit/Ouyang,0.5,6.95,-0.0015982852490220207,0,Mid
fit/Ouyang,0.5,6.96,-0.0015915760593497442,0,Mid
fit/Ouyang,0.5,6.97,-0.0015850006285145432,0,Mid
fit/Ouyang,0.5,6.98,-0.0015785583517132916,0,Mid
fit/Ouyang,0.5,6.99,-0.0015722486366608714,0,Mid
fit/Ouyang,0.5,7.0,-0.0015660709035203843,0,Mid
fit/Ouyang,0.5,7.01,-0.0015600245848347608,0,Mid
fit/Ouyang,0.5,7.02,-0.001554109125459799,0,Mid
fit/Ouyang,0.5,7.03,-0.0015483239824987452,0,Mid
fit/Ouyang,0.5,7.04,-0.0015426686252381404,0,Mid
fit/Ouyang,0.5,7.05,-0.0015371425350851227,0,Mid
fit/Ouyang,0.5,7.06,-0.0015317452055062255,0,Mid
fit/Ouyang,0.5,7.07,-0.0015264761419674037,0,Mid
fit/Ouyang,0.5,7.08,-0.0015213348618756013,0,Mid
fit/Ouyang,0.5,7.09,-0.0015163208945216714,0,Mid
fit/Ouyang,0.5,7.1,-0.0015114337810246243,0,Mid
fit/Ouyang,0.5,7.11,-0.0015066730742773378,0,Mid
fit/Ouyang,0.5,7.12,-0.0015020383388935894,0,Mid
fit/Ouyang,0.5,7.13,-0.0014975291511564516,0,Mid
fit/Ouyang,0.5,7.14,-0.0014931450989680978,0,Mid
fit/Ouyang,0.5,7.15,-0.001488885781800979,0,Mid
fit/Ouyang,0.5,7.16,-0.0014847508106502797,0,Mid
fit/Ouyang,0.5,7.17,-0.001480739807987811,0,Mid
fit/Ouyang,0.5,7.18,-0.0014768524077172032,0,Mid
fit/Ouyang,0.5,7.19,-0.0014730882551304268,0,Mid
fit/Ouyang,0.5,7.2,-0.0014694470068658272,0,Mid
fit/Ouyang,0.66667,2.8,0.0491572770852938,0,AA
fit/Ouyang,0.66667,2.81,0.04636619391430163,0,AA
fit/Ouyang,0.66667,2.82,0.04367001498284458,0,AA
fit/Ouyang,0.66667,2.83,0.041065885088707677,0,AA
fit/Ouyang,0.66667,2.84,0.038551030445291824,0,AA
fit/Ouyang,0.66667,2.85,0.03612275644533705,0,AA
fit/Ouyang,0.66667,2.86,0.033778445483556775,0,AA
fit/Ouyang,0.66667,2.87,0.03151555483674037,0,AA
fit/Ouyang,0.66667,2.88,0.029331614599906373,0,AA
fit/Ouyang,0.66667,2.89,0.027224225677113027,0,AA
fit/Ouyang,0.66667,2.9,0.025191057825570726,0,AA
fit/Ouyang,0.66667,2.91,0.023229847751724358,0,AA
fit/Ouyang,0.66667,2.92,0.021338397258006465,0,AA
fit/Ouyang,0.66667,2.93,0.019514571438987334,0,AA
fit/Ouyang,0.66667,2.94,0.017756296925678337,0,AA
fit/Ouyang,0.66667,2.95,0.016061560176773064,0,AA
fit/Ouyang,0.66667,2.96,0.014428405815641327,0,AA
fit/Ouyang,0.66667,2.97,0.012854935011901967,0,AA
fit/Ouyang,0.66667,2.98,0.01133930390645851,0,AA
fit/Ouyang,0.66667,2.99,0.009879722078869753,0,AA
fit/Ouyang,0.66667,3.0,0.008474451055982428,0,AA
fit/Ouyang,0.66667,3.01,0.007121802860767115,0,AA
fit/Ouyang,0.66667,3.02,0.005820138600318328,0,AA
fit/Ouyang,0.66667,3.03,0.00456786709201742,0,AA
fit/Ouyang,0.66667,3.04,0.0033634435268663624,0,AA
fit/Ouyang,0.66667,3.05,0.0022053681690310458,0,AA
fit/Ouyang,0.66667,3.06,0.0010921850906617796,0,AA
fit/Ouyang,0.66667,3.07,2.248094106512418e-05,0,AA
fit/Ouyang,0.66667,3.08,-0.001005116250660171,0,AA
fit/Ouyang,0.66667,3.09,-0.0019919382403996936,0,AA
fit/Ouyang,0.66667,3.1,-0.0029392777020633377,0,AA
fit/Ouyang,0.66667,3.11,-0.00384838932971764,0,AA
fit/Ouyang,0.66667,3.12,-0.004720490909624,0,AA
fit/Ouyang,0.66667,3.13,-0.005556764362970737,0,AA
fit/Ouyang,0.66667,3.14,-0.0063583567600728075,0,AA
fit/Ouyang,0.66667,3.15,-0.007126381306788422,0,AA
fit/Ouyang,0.66667,3.16,-0.007861918303887987,0,AA
fit/Ouyang,0.66667,3.17,-0.00856601608009066,0,AA
fit/Ouyang,0.66667,3.18,-0.0092396918994631,0,AA
fit/Ouyang,0.66667,3.19,-0.009883932843865668,0,AA
fit/Ouyang,0.66667,3.2,-0.010499696671102277,0,AA
fit/Ouyang,0.66667,3.21,-0.011087912649423753,0,AA
fit/Ouyang,0.66667,3.22,-0.011649482369018742,0,AA
fit/Ouyang,0.66667,3.23,-0.01218528053109441,0,AA
fit/Ouyang,0.66667,3.24,-0.01269615571515712,0,AA
fit/Ouyang,0.66667,3.25,-0.013182931125070137,0,AA
fit/Ouyang,0.66667,3.26,-0.013646405314459103,0,AA
fit/Ouyang,0.66667,3.27,-0.014087352892013825,0,AA
fit/Ouyang,0.66667,3.28,-0.014506525207235192,0,AA
fit/Ouyang,0.66667,3.29,-0.014904651017142313,0,AA
fit/Ouyang,0.66667,3.3,-0.015282437134464038,0,AA
fit/Ouyang,0.66667,3.31,-0.015640569057798256,0,AA
fit/Ouyang,0.66667,3.32,-0.015979711584241926,0,AA
fit/Ouyang,0.66667,3.33,-0.016300509404953943,0,AA
fit/Ouyang,0.66667,3.34,-0.016603587684114417,0,AA
fit/Ouyang,0.66667,3.35,-0.016889552621733146,0,AA
fit/Ouyang,0.66667,3.36,-0.017158992000741155,0,AA
fit/Ouyang,0.66667,3.37,-0.017412475718792307,0,AA
fit/Ouyang,0.66667,3.38,-0.01765055630519162,0,AA
fit/Ouyang,0.66667,3.39,-0.017873769423352025,0,AA
fit/Ouyang,0.66667,3.4,-0.018082634359177164,0,AA
fit/Ouyang,0.66667,3.41,-0.018277654495744866,0,AA
fit/Ouyang,0.66667,3.42,-0.01845931777467895,0,AA
fit/Ouyang,0.66667,3.43,-0.018628097144555805,0,AA
fit/Ouyang,0.66667,3.44,-0.01878445099671321,0,AA
fit/Ouyang,0.66667,3.45,-0.018928823588799548,0,AA
fit/Ouyang,0.66667,3.46,-0.019061645456397568,0,AA
fit/Ouyang,0.66667,3.47,-0.019183333813055033,0,AA
fit/Ouyang,0.66667,3.48,-0.019294292939033616,0,AA
fit/Ouyang,0.66667,3.49,-0.019394914559088396,0,AA
fit/Ouyang,0.66667,3.5,-0.019485578209581474,0,AA
fit/Ouyang,0.66667,3.51,-0.019566651595217532,0,AA
fit/Ouyang,0.66667,3.52,-0.019638490935691765,0,AA
fit/Ouyang,0.66667,3.53,-0.019701441302523447,0,AA
fit/Ouyang,0.66667,3.54,-0.01975583694634861,0,AA
fit/Ouyang,0.66667,3.55,-0.01980200161493633,0,AA
fit/Ouyang,0.66667,3.56,-0.019840248862177657,0,AA
fit/Ouyang,0.66667,3.57,-0.019870882348305117,0,AA
fit/Ouyang,0.66667,3.58,-0.01989419613157842,0,AA
fit/Ouyang,0.66667,3.59,-0.019910474951677557,0,AA
fit/Ouyang,0.66667,3.6,-0.019919994505028404,0,AA
fit/Ouyang,0.66667,3.61,-0.019923021712287176,0,AA
fit/Ouyang,0.66667,3.62,-0.019919814978199835,0,AA
fit/Ouyang,0.66667,3.63,-0.019910624444050787,0,AA
fit/Ouyang,0.66667,3.64,-0.01989569223290018,0,AA
fit/Ouyang,0.66667,3.65,-0.019875252687818437,0,AA
fit/Ouyang,0.66667,3.66,-0.019849532603307123,0,AA
fit/Ouyang,0.66667,3.67,-0.019818751450096917,0,AA
fit/Ouyang,0.66667,3.68,-0.019783121593508212,0,AA
fit/Ouyang,0.66667,3.69,-0.019742848505554203,0,AA
fit/Ouyang,0.66667,3.7,-0.01969813097095842,0,AA
fit/Ouyang,0.66667,3.71,-0.01964916128725915,0,AA
fit/Ouyang,0.66667,3.72,-0.019596125459164584,0,AA
fit/Ouyang,0.66667,3.73,-0.0195392033873191,0,AA
fit/Ouyang,0.66667,3.74,-0.019478569051639808,0,AA
fit/Ouyang,0.66667,3.75,-0.019414390689370713,0,AA
fit/Ouyang,0.66667,3.76,-0.01934683096800793,0,AA
fit/Ouyang,0.66667,3.77,-0.019276047153232712,0,AA
fit/Ouyang,0.66667,3.78,-0.019202191272001505,0,AA
fit/Ouyang,0.66667,3.79,-0.019125410270919335,0,AA
fit/Ouyang,0.66667,3.8,-0.019045846170037593,0,AA
fit/Ouyang,0.66667,3.81,-0.01896363621219766,0,AA
fit/Ouyang,0.66667,3.82,-0.018878913008050616,0,AA
fit/Ouyang,0.66667,3.83,-0.018791804676874108,0,AA
fit/Ouyang,0.66667,3.84,-0.018702434983300043,0,AA
fit/Ouyang,0.66667,3.85,-0.018610923470077877,0,AA
fit/Ouyang,0.66667,3.86,-0.018517385586973016,0,AA
fit/Ouyang,0.66667,3.87,-0.018421932815921305,0,AA
fit/Ouyang,0.66667,3.88,-0.018324672792537595,0,AA
fit/Ouyang,0.66667,3.89,-0.01822570942408406,0,AA
fit/Ouyang,0.66667,3.9,-0.018125143003998884,0,AA
fit/Ouyang,0.66667,3.91,-0.01802307032308136,0,AA
fit/Ouyang,0.66667,3.92,-0.01791958477743006,0,AA
fit/Ouyang,0.66667,3.93,-0.017814776473223163,0,AA
fit/Ouyang,0.66667,3.94,-0.01770873232843396,0,AA
fit/Ouyang,0.66667,3.95,-0.017601536171565787,0,AA
fit/Ouyang,0.66667,3.96,-0.017493268837492592,0,AA
fit/Ouyang,0.66667,3.97,-0.017384008260486125,0,AA
fit/Ouyang,0.66667,3.98,-0.017273829564511158,0,AA
fit/Ouyang,0.66667,3.99,-0.01716280515086773,0,AA
fit/Ouyang,0.66667,4.0,-0.017051004783249054,0,AA
fit/Ouyang,0.66667,4.01,-0.016938495670299796,0,AA
fit/Ouyang,0.66667,4.02,-0.016825342545736977,0,AA
fit/Ouyang,0.66667,4.03,-0.016711607746104955,0,AA
fit/Ouyang,0.66667,4.04,-0.01659735128623678,0,AA
fit/Ouyang,0.66667,4.05,-0.016482630932481517,0,AA
fit/Ouyang,0.66667,4.06,-0.01636750227376424,0,AA
fit/Ouyang,0.66667,4.07,-0.016252018790541112,0,AA
fit/Ouyang,0.66667,4.08,-0.01613623192170877,0,AA
fit/Ouyang,0.66667,4.09,-0.0160201911295254,0,AA
fit/Ouyang,0.66667,4.1,-0.015903943962605943,0,AA
fit/Ouyang,0.66667,4.11,-0.015787536117038443,0,AA
fit/Ouyang,0.66667,4.12,-0.015671011495683146,0,AA
fit/Ouyang,0.66667,4.13,-0.015554412265702353,0,AA
fit/Ouyang,0.66667,4.14,-0.015437778914372617,0,AA
fit/Ouyang,0.66667,4.15,-0.015321150303229182,0,AA
fit/Ouyang,0.66667,4.16,-0.01520456372059125,0,AA
fit/Ouyang,0.66667,4.17,-0.015088054932513273,0,AA
fit/Ouyang,0.66667,4.18,-0.014971658232209174,0,AA
fit/Ouyang,0.66667,4.19,-0.014855406487992055,0,AA
fit/Ouyang,0.66667,4.2,-0.014739331189774298,0,AA
fit/Ouyang,0.66667,4.21,-0.014623462494167435,0,AA
fit/Ouyang,0.66667,4.22,-0.01450782926822395,0,AA
fit/Ouyang,0.66667,4.23,-0.014392459131859478,0,AA
fit/Ouyang,0.66667,4.24,-0.014277378498994657,0,AA
fit/Ouyang,0.66667,4.25,-0.014162612617451177,0,AA
fit/Ouyang,0.66667,4.26,-0.014048185607642838,0,AA
fit/Ouyang,0.66667,4.27,-0.013934120500090815,0,AA
fit/Ouyang,0.66667,4.28,-0.013820439271802858,0,AA
fit/Ouyang,0.66667,4.29,-0.013707162881544907,0,AA
fit/Ouyang,0.66667,4.3,-0.013594311304040586,0,AA
fit/Ouyang,0.66667,4.31,-0.013481903563128492,0,AA
fit/Ouyang,0.66667,4.32,-0.013369957763906854,0,AA
fit/Ouyang,0.66667,4.33,-0.013258491123897268,0,AA
fit/Ouyang,0.66667,4.34,-0.013147520003253652,0,AA
fit/Ouyang,0.66667,4.35,-0.013037059934046726,0,AA
fit/Ouyang,0.66667,4.36,-0.012927125648649118,0,AA
fit/Ouyang,0.66667,4.37,-0.012817731107248705,0,AA
fit/Ouyang,0.66667,4.38,-0.01270888952451426,0,AA
fit/Ouyang,0.66667,4.39,-0.012600613395441227,0,AA
fit/Ouyang,0.66667,4.4,-0.012492914520397134,0,AA
fit/Ouyang,0.66667,4.41,-0.01238580402939557,0,AA
fit/Ouyang,0.66667,4.42,-0.012279292405614992,0,AA
fit/Ouyang,0.66667,4.43,-0.012173389508192068,0,AA
fit/Ouyang,0.66667,4.44,-0.012068104594303925,0,AA
fit/Ouyang,0.66667,4.45,-0.011963446340565348,0,AA
fit/Ouyang,0.66667,4.46,-0.011859422863757447,0,AA
fit/Ouyang,0.66667,4.47,-0.01175604174091059,0,AA
fit/Ouyang,0.66667,4.48,-0.011653310028758423,0,AA
fit/Ouyang,0.66667,4.49,-0.01155123428258308,0,AA
fit/Ouyang,0.66667,4.5,-0.011449820574468493,0,AA
fit/Ouyang,0.66667,4.51,-0.0113490745109804,0,AA
fit/Ouyang,0.66667,4.52,-0.011249001250288588,0,AA
fit/Ouyang,0.66667,4.53,-0.011149605518749588,0,AA
fit/Ouyang,0.66667,4.54,-0.011050891626965546,0,AA
fit/Ouyang,0.66667,4.55,-0.010952863485333043,0,AA
fit/Ouyang,0.66667,4.56,-0.010855524619099397,0,AA
fit/Ouyang,0.66667,4.57,-0.010758878182940362,0,AA
fit/Ouyang,0.66667,4.58,-0.01066292697507248,0,AA
fit/Ouyang,0.66667,4.59,-0.010567673450915447,0,AA
fit/Ouyang,0.66667,4.6,-0.01047311973631725,0,AA
fit/Ouyang,0.66667,4.61,-0.010379267640355152,0,AA
fit/Ouyang,0.66667,4.62,-0.010286118667724777,0,AA
fit/Ouyang,0.66667,4.63,-0.01019367403073138,0,AA
fit/Ouyang,0.66667,4.64,-0.01010193466089324,0,AA
fit/Ouyang,0.66667,4.65,-0.010010901220169127,0,AA
fit/Ouyang,0.66667,4.66,-0.00992057411182288,0,AA
fit/Ouyang,0.66667,4.67,-0.009830953490934364,0,AA
fit/Ouyang,0.66667,4.68,-0.009742039274567288,0,AA
fit/Ouyang,0.66667,4.69,-0.009653831151605514,0,AA
fit/Ouyang,0.66667,4.7,-0.009566328592267585,0,AA
fit/Ouyang,0.66667,4.71,-0.0094795308573083,0,AA
fit/Ouyang,0.66667,4.72,-0.0093934370069167,0,AA
fit/Ouyang,0.66667,4.73,-0.00930804590932261,0,AA
fit/Ouyang,0.66667,4.74,-0.009223356249115832,0,AA
fit/Ouyang,0.66667,4.75,-0.0091393665352909,0,AA
fit/Ouyang,0.66667,4.76,-0.009056075109023298,0,AA
fit/Ouyang,0.66667,4.77,-0.008973480151187247,0,AA
fit/Ouyang,0.66667,4.78,-0.008891579689619037,0,AA
fit/Ouyang,0.66667,4.79,-0.008810371606140857,0,AA
fit/Ouyang,0.66667,4.8,-0.008729853643344157,0,AA
fit/Ouyang,0.66667,4.81,-0.008650023411146105,0,AA
fit/Ouyang,0.66667,4.82,-0.008570878393122315,0,AA
fit/Ouyang,0.66667,4.83,-0.008492415952625716,0,AA
fit/Ouyang,0.66667,4.84,-0.008414633338696008,0,AA
fit/Ouyang,0.66667,4.85,-0.00833752769176621,0,AA
fit/Ouyang,0.66667,4.86,-0.008261096049174065,0,AA
fit/Ouyang,0.66667,4.87,-0.008185335350482966,0,AA
fit/Ouyang,0.66667,4.88,-0.008110242442619433,0,AA
fit/Ouyang,0.66667,4.89,-0.008035814084830837,0,AA
fit/Ouyang,0.66667,4.9,-0.007962046953472052,0,AA
fit/Ouyang,0.66667,4.91,-0.007888937646622778,0,AA
fit/Ouyang,0.66667,4.92,-0.007816482688544412,0,AA
fit/Ouyang,0.66667,4.93,-0.007744678533977998,0,AA
fit/Ouyang,0.66667,4.94,-0.007673521572291105,0,AA
fit/Ouyang,0.66667,4.95,-0.007603008131476898,0,AA
fit/Ouyang,0.66667,4.96,-0.0075331344820096,0,AA
fit/Ouyang,0.66667,4.97,-0.007463896840562622,0,AA
fit/Ouyang,0.66667,4.98,-0.00739529137359189,0,AA
fit/Ouyang,0.66667,4.99,-0.007327314200789615,0,AA
fit/Ouyang,0.66667,5.0,-0.007259961398412222,0,AA
fit/Ouyang,0.66667,5.01,-0.007193229002486563,0,AA
fit/Ouyang,0.66667,5.02,-0.007127113011898485,0,AA
fit/Ouyang,0.66667,5.03,-0.0070616093913666075,0,AA
fit/Ouyang,0.66667,5.04,-0.006996714074306413,0,AA
fit/Ouyang,0.66667,5.05,-0.00693242296558647,0,AA
fit/Ouyang,0.66667,5.06,-0.006868731944182063,0,AA
fit/Ouyang,0.66667,5.07,-0.006805636865727285,0,AA
fit/Ouyang,0.66667,5.08,-0.006743133564971433,0,AA
fit/Ouyang,0.66667,5.09,-0.006681217858140575,0,AA
fit/Ouyang,0.66667,5.1,-0.006619885545208283,0,AA
fit/Ouyang,0.66667,5.11,-0.00655913241207909,0,AA
fit/Ouyang,0.66667,5.12,-0.006498954232685638,0,AA
fit/Ouyang,0.66667,5.13,-0.006439346771004707,0,AA
fit/Ouyang,0.66667,5.14,-0.006380305782992725,0,AA
fit/Ouyang,0.66667,5.15,-0.006321827018444372,0,AA
fit/Ouyang,0.66667,5.16,-0.006263906222776613,0,AA
fit/Ouyang,0.66667,5.17,-0.006206539138741105,0,AA
fit/Ouyang,0.66667,5.18,-0.006149721508065732,0,AA
fit/Ouyang,0.66667,5.19,-0.00609344907302959,0,AA
fit/Ouyang,0.66667,5.2,-0.00603771757797276,0,AA
fit/Ouyang,0.66667,5.21,-0.00598252277074208,0,AA
fit/Ouyang,0.66667,5.22,-0.005927860404076828,0,AA
fit/Ouyang,0.66667,5.23,-0.005873726236935277,0,AA
fit/Ouyang,0.66667,5.24,-0.005820116035763843,0,AA
fit/Ouyang,0.66667,5.25,-0.005767025575711057,0,AA
fit/Ouyang,0.66667,5.26,-0.005714450641789433,0,AA
fit/Ouyang,0.66667,5.27,-0.005662387029983898,0,AA
fit/Ouyang,0.66667,5.28,-0.005610830548312465,0,AA
fit/Ouyang,0.66667,5.29,-0.0055597770178379,0,AA
fit/Ouyang,0.66667,5.3,-0.005509222273632375,0,AA
fit/Ouyang,0.66667,5.31,-0.0054591621656989876,0,AA
fit/Ouyang,0.66667,5.32,-0.00540959255984806,0,AA
fit/Ouyang,0.66667,5.33,-0.005360509338533325,0,AA
fit/Ouyang,0.66667,5.34,-0.005311908401646325,0,AA
fit/Ouyang,0.66667,5.35,-0.00526378566727277,0,AA
fit/Ouyang,0.66667,5.36,-0.00521613707241081,0,AA
fit/Ouyang,0.66667,5.37,-0.005168958573653132,0,AA
fit/Ouyang,0.66667,5.38,-0.005122246147834297,0,AA
fit/Ouyang,0.66667,5.39,-0.005075995792643095,0,AA
fit/Ouyang,0.66667,5.4,-0.005030203527203832,0,AA
fit/Ouyang,0.66667,5.41,-0.0049848653926252,0,AA
fit/Ouyang,0.66667,5.42,-0.004939977452518942,0,AA
fit/Ouyang,0.66667,5.43,-0.0048955357934892,0,AA
fit/Ouyang,0.66667,5.44,-0.004851536525593635,0,AA
fit/Ouyang,0.66667,5.45,-0.00480797578277766,0,AA
fit/Ouyang,0.66667,5.46,-0.00476484972328177,0,AA
fit/Ouyang,0.66667,5.47,-0.004722154530023942,0,AA
fit/Ouyang,0.66667,5.48,-0.0046798864109578375,0,AA
fit/Ouyang,0.66667,5.49,-0.0046380415994071,0,AA
fit/Ouyang,0.66667,5.5,-0.00459661635437789,0,AA
fit/Ouyang,0.66667,5.51,-0.00455560696084791,0,AA
fit/Ouyang,0.66667,5.52,-0.0045150097300368,0,AA
fit/Ouyang,0.66667,5.53,-0.00447482099965399,0,AA
fit/Ouyang,0.66667,5.54,-0.00443503713412939,0,AA
fit/Ouyang,0.66667,5.55,-0.00439565452482354,0,AA
fit/Ouyang,0.66667,5.56,-0.004356669590220615,0,AA
fit/Ouyang,0.66667,5.57,-0.00431807877610421,0,AA
fit/Ouyang,0.66667,5.58,-0.004279878555716213,0,AA
fit/Ouyang,0.66667,5.59,-0.004242065429899988,0,AA
fit/Ouyang,0.66667,5.6,-0.004204635927227753,0,AA
fit/Ouyang,0.66667,5.61,-0.00416758660411384,0,AA
fit/Ouyang,0.66667,5.62,-0.004130914044912968,0,AA
fit/Ouyang,0.66667,5.63,-0.004094614862005918,0,AA
fit/Ouyang,0.66667,5.64,-0.004058685695871283,0,AA
fit/Ouyang,0.66667,5.65,-0.0040231232151449825,0,AA
fit/Ouyang,0.66667,5.66,-0.003987924116668188,0,AA
fit/Ouyang,0.66667,5.67,-0.00395308512552281,0,AA
fit/Ouyang,0.66667,5.68,-0.003918602995056763,0,AA
fit/Ouyang,0.66667,5.69,-0.003884474506898515,0,AA
fit/Ouyang,0.66667,5.7,-0.003850696470961055,0,AA
fit/Ouyang,0.66667,5.71,-0.0038172657254365474,0,AA
fit/Ouyang,0.66667,5.72,-0.003784179136781805,0,AA
fit/Ouyang,0.66667,5.73,-0.0037514335996943924,0,AA
fit/Ouyang,0.66667,5.74,-0.0037190260370809675,0,AA
fit/Ouyang,0.66667,5.75,-0.0036869534000168627,0,AA
fit/Ouyang,0.66667,5.76,-0.0036552126676981573,0,AA
fit/Ouyang,0.66667,5.77,-0.003623800847386485,0,AA
fit/Ouyang,0.66667,5.78,-0.0035927149743464324,0,AA
fit/Ouyang,0.66667,5.79,-0.00356195211177671,0,AA
fit/Ouyang,0.66667,5.8,-0.00353150935073435,0,AA
fit/Ouyang,0.66667,5.81,-0.0035013838100532374,0,AA
fit/Ouyang,0.66667,5.82,-0.0034715726362565674,0,AA
fit/Ouyang,0.66667,5.83,-0.003442073003464175,0,AA
fit/Ouyang,0.66667,5.84,-0.003412882113294005,0,AA
fit/Ouyang,0.66667,5.85,-0.0033839971947591725,0,AA
fit/Ouyang,0.66667,5.86,-0.003355415504160125,0,AA
fit/Ouyang,0.66667,5.87,-0.0033271343249720877,0,AA
fit/Ouyang,0.66667,5.88,-0.00329915096772864,0,AA
fit/Ouyang,0.66667,5.89,-0.0032714627699011924,0,AA
fit/Ouyang,0.66667,5.9,-0.00324406709577458,0,AA
fit/Ouyang,0.66667,5.91,-0.003216961336319075,0,AA
fit/Ouyang,0.66667,5.92,-0.00319014290905942,0,AA
fit/Ouyang,0.66667,5.93,-0.003163609257940025,0,AA
fit/Ouyang,0.66667,5.94,-0.00313735785318805,0,AA
fit/Ouyang,0.66667,5.95,-0.0031113861911728825,0,AA
fit/Ouyang,0.66667,5.96,-0.0030856917942637873,0,AA
fit/Ouyang,0.66667,5.97,-0.00306027221068449,0,AA
fit/Ouyang,0.66667,5.98,-0.00303512501436592,0,AA
fit/Ouyang,0.66667,5.99,-0.0030102478047967477,0,AA
fit/Ouyang,0.66667,6.0,-0.00298563820687193,0,AA
fit/Ouyang,0.66667,6.01,-0.00296129387073954,0,AA
fit/Ouyang,0.66667,6.02,-0.0029372124716459573,0,AA
fit/Ouyang,0.66667,6.03,-0.002913391709779485,0,AA
fit/Ouyang,0.66667,6.04,-0.00288982931011259,0,AA
fit/Ouyang,0.66667,6.05,-0.0028665230222430474,0,AA
fit/Ouyang,0.66667,6.06,-0.0028434706202339227,0,AA
fit/Ouyang,0.66667,6.07,-0.002820669902452295,0,AA
fit/Ouyang,0.66667,6.08,-0.0027981186914075424,0,AA
fit/Ouyang,0.66667,6.09,-0.002775814833588315,0,AA
fit/Ouyang,0.66667,6.1,-0.002753756199299405,0,AA
fit/Ouyang,0.66667,6.11,-0.0027319406824976526,0,AA
fit/Ouyang,0.66667,6.12,-0.0027103662006275676,0,AA
fit/Ouyang,0.66667,6.13,-0.0026890306944562423,0,AA
fit/Ouyang,0.66667,6.14,-0.00266793212790866,0,AA
fit/Ouyang,0.66667,6.15,-0.0026470684879018576,0,AA
fit/Ouyang,0.66667,6.16,-0.0026264377841800526,0,AA
fit/Ouyang,0.66667,6.17,-0.002606038049148645,0,AA
fit/Ouyang,0.66667,6.18,-0.0025858673377091375,0,AA
fit/Ouyang,0.66667,6.19,-0.002565923727093445,0,AA
fit/Ouyang,0.66667,6.2,-0.0025462053166991827,0,AA
fit/Ouyang,0.66667,6.21,-0.00252671022792432,0,AA
fit/Ouyang,0.66667,6.22,-0.0025074366040027524,0,AA
fit/Ouyang,0.66667,6.23,-0.002488382609840123,0,AA
fit/Ouyang,0.66667,6.24,-0.002469546431849962,0,AA
fit/Ouyang,0.66667,6.25,-0.0024509262777903233,0,AA
fit/Ouyang,0.66667,6.26,-0.0024325203766011765,0,AA
fit/Ouyang,0.66667,6.27,-0.002414326978241956,0,AA
fit/Ouyang,0.66667,6.28,-0.002396344353530285,0,AA
fit/Ouyang,0.66667,6.29,-0.002378570793981017,0,AA
fit/Ouyang,0.66667,6.3,-0.002361004611646028,0,AA
fit/Ouyang,0.66667,6.31,-0.0023436441389550777,0,AA
fit/Ouyang,0.66667,6.32,-0.002326487728557183,0,AA
fit/Ouyang,0.66667,6.33,-0.002309533753162806,0,AA
fit/Ouyang,0.66667,6.34,-0.002292780605387496,0,AA
fit/Ouyang,0.66667,6.35,-0.002276226697595612,0,AA
fit/Ouyang,0.66667,6.36,-0.0022598704617456927,0,AA
fit/Ouyang,0.66667,6.37,-0.0022437103492365736,0,AA
fit/Ouyang,0.66667,6.38,-0.0022277448307543913,0,AA
fit/Ouyang,0.66667,6.39,-0.0022119723961210214,0,AA
fit/Ouyang,0.66667,6.4,-0.002196391554143117,0,AA
fit/Ouyang,0.66667,6.41,-0.002181000832462732,0,AA
fit/Ouyang,0.66667,6.42,-0.002165798777408707,0,AA
fit/Ouyang,0.66667,6.43,-0.0021507839538493882,0,AA
fit/Ouyang,0.66667,6.44,-0.002135954945046586,0,AA
fit/Ouyang,0.66667,6.45,-0.0021213103525105324,0,AA
fit/Ouyang,0.66667,6.46,-0.002106848795856207,0,AA
fit/Ouyang,0.66667,6.47,-0.002092568912660873,0,AA
fit/Ouyang,0.66667,6.48,-0.002078469358322941,0,AA
fit/Ouyang,0.66667,6.49,-0.0020645488059218833,0,AA
fit/Ouyang,0.66667,6.5,-0.002050805946079673,0,AA
fit/Ouyang,0.66667,6.51,-0.0020372394868234307,0,AA
fit/Ouyang,0.66667,6.52,-0.002023848153449275,0,AA
fit/Ouyang,0.66667,6.53,-0.0020106306883879315,0,AA
fit/Ouyang,0.66667,6.54,-0.0019975858510712244,0,AA
fit/Ouyang,0.66667,6.55,-0.0019847124177998286,0,AA
fit/Ouyang,0.66667,6.56,-0.0019720091816131592,0,AA
fit/Ouyang,0.66667,6.57,-0.0019594749521595852,0,AA
fit/Ouyang,0.66667,6.58,-0.001947108555568796,0,AA
fit/Ouyang,0.66667,6.59,-0.0019349088343252087,0,AA
fit/Ouyang,0.66667,6.6,-0.0019228746471428716,0,AA
fit/Ouyang,0.66667,6.61,-0.0019110048688416954,0,AA
fit/Ouyang,0.66667,6.62,-0.0018992983902252345,0,AA
fit/Ouyang,0.66667,6.63,-0.0018877541179596568,0,AA
fit/Ouyang,0.66667,6.64,-0.0018763709744543918,0,AA
fit/Ouyang,0.66667,6.65,-0.0018651478977439982,0,AA
fit/Ouyang,0.66667,6.66,-0.001854083841371553,0,AA
fit/Ouyang,0.66667,6.67,-0.0018431777742734955,0,AA
fit/Ouyang,0.66667,6.68,-0.0018324286806657745,0,AA
fit/Ouyang,0.66667,6.69,-0.0018218355599315364,0,AA
fit/Ouyang,0.66667,6.7,-0.0018113974265103496,0,AA
fit/Ouyang,0.66667,6.71,-0.0018011133097885375,0,AA
fit/Ouyang,0.66667,6.72,-0.0017909822539913197,0,AA
fit/Ouyang,0.66667,6.73,-0.0017810033180762116,0,AA
fit/Ouyang,0.66667,6.74,-0.0017711755756278226,0,AA
fit/Ouyang,0.66667,6.75,-0.0017614981147542176,0,AA
fit/Ouyang,0.66667,6.76,-0.0017519700379847122,0,AA
fit/Ouyang,0.66667,6.77,-0.00174259046216898,0,AA
fit/Ouyang,0.66667,6.78,-0.0017333585183778718,0,AA
fit/Ouyang,0.66667,6.79,-0.0017242733518053107,0,AA
fit/Ouyang,0.66667,6.8,-0.001715334121671957,0,AA
fit/Ouyang,0.66667,6.81,-0.0017065400011300658,0,AA
fit/Ouyang,0.66667,6.82,-0.0016978901771699125,0,AA
fit/Ouyang,0.66667,6.83,-0.001689383850527596,0,AA
fit/Ouyang,0.66667,6.84,-0.0016810202355942452,0,AA
fit/Ouyang,0.66667,6.85,-0.0016727985603267462,0,AA
fit/Ouyang,0.66667,6.86,-0.0016647180661599282,0,AA
fit/Ouyang,0.66667,6.87,-0.0016567780079198733,0,AA
fit/Ouyang,0.66667,6.88,-0.0016489776537390922,0,AA
fit/Ouyang,0.66667,6.89,-0.0016413162849727443,0,AA
fit/Ouyang,0.66667,6.9,-0.0016337931961165346,0,AA
fit/Ouyang,0.66667,6.91,-0.0016264076947258624,0,AA
fit/Ouyang,0.66667,6.92,-0.0016191591013363686,0,AA
fit/Ouyang,0.66667,6.93,-0.0016120467493861714,0,AA
fit/Ouyang,0.66667,6.94,-0.0016050699851390053,0,AA
fit/Ouyang,0.66667,6.95,-0.001598228167609199,0,AA
fit/Ouyang,0.66667,6.96,-0.0015915206684878722,0,AA
fit/Ouyang,0.66667,6.97,-0.0015849468720705523,0,AA
fit/Ouyang,0.66667,6.98,-0.001578506175186124,0,AA
fit/Ouyang,0.66667,6.99,-0.00157219798712728,0,AA
fit/Ouyang,0.66667,7.0,-0.0015660217295823057,0,AA
fit/Ouyang,0.66667,7.01,-0.0015599768365680841,0,AA
fit/Ouyang,0.66667,7.02,-0.001554062754364869,0,AA
fit/Ouyang,0.66667,7.03,-0.0015482789414519478,0,AA
fit/Ouyang,0.66667,7.04,-0.0015426248684450403,0,AA
fit/Ouyang,0.66667,7.05,-0.001537100018034871,0,AA
fit/Ouyang,0.66667,7.06,-0.0015317038849271799,0,AA
fit/Ouyang,0.66667,7.07,-0.0015264359757840731,0,AA
fit/Ouyang,0.66667,7.08,-0.0015212958091667137,0,AA
fit/Ouyang,0.66667,7.09,-0.0015162829154793161,0,AA
fit/Ouyang,0.66667,7.1,-0.0015113968369146415,0,AA
fit/Ouyang,0.66667,7.11,-0.0015066371274006386,0,AA
fit/Ouyang,0.66667,7.12,-0.0015020033525485145,0,AA
fit/Ouyang,0.66667,7.13,-0.0014974950896022615,0,AA
fit/Ouyang,0.66667,7.14,-0.0014931119273892334,0,AA
fit/Ouyang,0.66667,7.15,-0.0014888534662722993,0,AA
fit/Ouyang,0.66667,7.16,-0.0014847193181031905,0,AA
fit/Ouyang,0.66667,7.17,-0.001480709106177255,0,AA
fit/Ouyang,0.66667,7.18,-0.001476822465189393,0,AA
fit/Ouyang,0.66667,7.19,-0.0014730590411915535,0,AA
fit/Ouyang,0.66667,7.2,-0.0014694184915512057,0,AA
